date,PRECTOTCORR,T2M,RH2M,WS2M,PS
2000-01-01,0.0,16.48,18.59,0.74,99.23
2000-01-02,0.0,17.42,16.48,0.79,99.22
2000-01-03,0.0,14.95,18.64,1.39,99.07
2000-01-04,0.0,14.46,19.74,1.51,99.06
2000-01-05,0.0,14.6,19.97,1.6,99.17
2000-01-06,0.0,13.82,21.28,2.04,99.12
2000-01-07,0.0,14.84,17.69,1.55,99.08
2000-01-08,0.0,16.36,14.91,1.25,98.94
2000-01-09,1.19,16.26,25.58,2.39,98.82
2000-01-10,0.01,16.5,46.53,1.35,98.85
2000-01-11,0.0,17.71,33.68,1.87,98.91
2000-01-12,3.82,16.59,41.75,2.91,98.68
2000-01-13,7.52,15.32,61.29,1.43,98.71
2000-01-14,0.04,11.81,34.89,1.66,98.85
2000-01-15,0.0,10.17,31.86,1.88,99.1
2000-01-16,0.0,9.89,38.72,2.4,99.46
2000-01-17,0.0,9.87,35.55,2.62,99.48
2000-01-18,0.0,14.15,28.34,3.38,99.32
2000-01-19,0.0,15.18,33.4,3.52,99.0
2000-01-20,0.0,14.98,32.35,3.27,98.61
2000-01-21,0.0,16.64,35.01,1.4,98.82
2000-01-22,0.72,16.02,35.71,1.75,98.98
2000-01-23,0.39,15.54,46.01,1.32,99.08
2000-01-24,0.0,16.35,42.2,1.45,99.25
2000-01-25,1.71,17.22,38.41,2.23,99.22
2000-01-26,1.16,16.75,40.89,2.49,99.25
2000-01-27,0.0,14.84,47.1,2.11,99.35
2000-01-28,0.0,14.01,46.78,3.38,99.36
2000-01-29,0.0,13.85,36.42,3.37,99.2
2000-01-30,0.0,15.73,28.8,2.04,99.18
2000-01-31,0.0,15.31,29.39,2.94,98.93
2000-02-01,0.0,14.87,28.79,2.34,98.58
2000-02-02,0.0,14.43,35.15,1.32,98.96
2000-02-03,0.0,16.41,39.11,1.41,99.19
2000-02-04,1.89,16.49,33.32,2.26,98.74
2000-02-05,13.47,13.19,70.97,1.06,98.74
2000-02-06,0.0,13.6,62.08,1.11,99.02
2000-02-07,0.0,14.55,53.23,1.12,99.02
2000-02-08,0.02,14.11,50.58,1.4,98.97
2000-02-09,0.0,14.33,46.05,1.55,99.04
2000-02-10,7.01,17.58,37.75,1.59,98.74
2000-02-11,10.37,13.83,66.4,1.68,98.71
2000-02-12,0.0,13.17,53.77,1.75,99.05
2000-02-13,0.17,11.54,46.02,2.22,99.21
2000-02-14,0.0,12.57,47.78,1.95,99.28
2000-02-15,0.0,15.01,39.72,1.54,99.13
2000-02-16,0.0,15.89,33.24,1.33,98.88
2000-02-17,0.0,15.55,30.0,1.3,98.68
2000-02-18,0.0,14.02,33.73,1.57,98.86
2000-02-19,0.0,14.49,32.92,1.57,98.92
2000-02-20,0.0,16.59,30.82,1.04,98.79
2000-02-21,0.0,16.74,34.72,1.36,98.97
2000-02-22,0.0,16.16,34.2,1.95,99.16
2000-02-23,0.0,15.02,30.83,2.42,99.22
2000-02-24,0.0,14.04,33.78,2.62,99.19
2000-02-25,0.0,14.4,31.43,2.41,98.95
2000-02-26,0.0,15.59,28.59,1.77,98.79
2000-02-27,0.0,16.81,27.23,2.27,98.8
2000-02-28,0.0,19.27,26.59,2.54,98.9
2000-02-29,0.0,21.13,30.3,2.57,98.72
2000-03-01,0.09,22.38,36.46,1.11,98.47
2000-03-02,0.0,22.02,34.9,1.46,98.45
2000-03-03,0.0,21.23,29.22,1.15,98.51
2000-03-04,0.0,21.16,29.27,2.41,98.34
2000-03-05,0.64,18.49,28.71,2.26,98.64
2000-03-06,0.0,17.55,27.8,1.75,98.59
2000-03-07,0.0,18.75,23.84,1.65,98.73
2000-03-08,0.0,18.66,20.99,3.12,98.79
2000-03-09,0.0,18.42,20.8,3.92,98.51
2000-03-10,0.0,20.7,16.22,2.19,98.36
2000-03-11,0.0,22.22,20.1,1.59,98.11
2000-03-12,0.0,23.09,16.88,1.69,97.98
2000-03-13,5.34,21.88,26.85,1.63,98.18
2000-03-14,3.75,19.82,34.01,1.54,98.72
2000-03-15,0.0,19.3,25.03,3.16,98.64
2000-03-16,0.0,21.42,23.7,2.25,98.43
2000-03-17,0.0,24.16,22.53,1.27,98.19
2000-03-18,0.0,20.69,18.72,1.65,98.45
2000-03-19,0.0,19.95,17.08,2.5,98.71
2000-03-20,0.0,20.75,16.75,2.43,98.65
2000-03-21,0.25,23.39,15.84,2.06,98.5
2000-03-22,1.92,22.84,26.84,1.63,98.44
2000-03-23,0.67,21.59,31.32,1.17,98.81
2000-03-24,0.1,20.68,36.7,1.66,99.16
2000-03-25,0.0,21.58,24.45,2.19,98.99
2000-03-26,0.0,24.27,17.72,1.24,98.94
2000-03-27,0.0,25.3,15.02,1.57,98.87
2000-03-28,0.0,25.97,12.46,1.71,98.79
2000-03-29,0.0,28.59,11.18,1.14,98.7
2000-03-30,0.0,29.24,14.73,1.65,98.53
2000-03-31,0.0,30.34,15.05,1.83,98.27
2000-04-01,0.0,29.62,13.69,3.28,98.3
2000-04-02,0.0,27.43,12.1,4.06,98.2
2000-04-03,0.0,27.52,11.31,3.01,98.21
2000-04-04,0.0,28.69,9.51,2.15,98.14
2000-04-05,0.0,28.11,7.2,2.23,98.11
2000-04-06,0.0,26.58,5.55,3.07,98.19
2000-04-07,0.0,28.0,6.93,2.44,98.4
2000-04-08,0.0,30.3,7.77,2.15,98.26
2000-04-09,0.0,29.18,12.59,3.83,98.11
2000-04-10,0.0,28.78,8.59,2.36,98.1
2000-04-11,0.0,30.7,5.65,1.78,98.11
2000-04-12,0.0,32.94,5.76,1.19,98.07
2000-04-13,0.0,33.5,6.76,1.45,97.84
2000-04-14,0.05,34.17,8.56,1.12,97.67
2000-04-15,4.36,30.85,22.87,1.46,97.99
2000-04-16,0.0,31.17,21.63,1.49,98.19
2000-04-17,0.0,33.17,13.85,1.8,97.97
2000-04-18,0.0,33.76,13.4,2.17,97.98
2000-04-19,0.0,34.54,14.02,2.42,98.0
2000-04-20,0.0,35.31,13.33,2.75,97.87
2000-04-21,0.0,34.07,14.48,2.68,97.83
2000-04-22,0.0,33.49,14.07,2.12,97.91
2000-04-23,0.0,33.77,14.01,1.64,97.87
2000-04-24,0.0,33.77,17.06,1.77,97.71
2000-04-25,0.0,35.64,13.04,2.2,97.43
2000-04-26,0.0,36.12,12.31,2.03,97.45
2000-04-27,0.0,34.25,13.11,1.79,97.56
2000-04-28,0.43,33.52,15.39,1.24,97.57
2000-04-29,0.0,33.73,10.14,1.07,97.69
2000-04-30,0.0,34.2,9.19,2.16,97.93
2000-05-01,0.0,34.13,7.77,3.64,97.82
2000-05-02,0.0,34.47,6.92,3.02,97.83
2000-05-03,0.0,35.37,8.08,1.58,97.99
2000-05-04,0.0,34.66,11.6,2.08,98.08
2000-05-05,0.01,34.72,21.98,3.08,98.15
2000-05-06,5.18,33.92,31.98,3.5,98.1
2000-05-07,0.51,30.81,41.9,1.83,98.32
2000-05-08,0.14,32.33,37.04,1.8,98.18
2000-05-09,0.0,34.65,29.08,1.69,98.04
2000-05-10,0.0,36.21,23.18,1.45,97.87
2000-05-11,0.22,36.93,23.61,1.51,97.72
2000-05-12,2.05,37.4,26.0,2.92,97.7
2000-05-13,5.28,35.68,37.7,3.26,97.84
2000-05-14,0.14,35.65,39.15,3.93,97.77
2000-05-15,0.0,37.58,27.71,4.75,97.61
2000-05-16,0.29,37.18,24.0,4.14,97.59
2000-05-17,0.0,37.57,24.64,4.74,97.44
2000-05-18,0.0,37.94,23.78,5.17,97.29
2000-05-19,0.0,38.88,21.75,4.2,97.23
2000-05-20,10.2,37.11,25.85,3.02,97.34
2000-05-21,0.13,35.54,33.27,2.35,97.44
2000-05-22,0.02,35.43,40.28,2.51,97.49
2000-05-23,0.01,36.61,32.85,2.72,97.5
2000-05-24,0.0,37.23,25.63,3.01,97.32
2000-05-25,0.0,37.67,21.42,4.48,97.15
2000-05-26,0.06,38.21,21.4,4.27,97.06
2000-05-27,0.0,38.61,20.9,4.98,97.24
2000-05-28,0.09,38.37,19.83,4.64,97.42
2000-05-29,0.0,38.64,17.54,4.96,97.53
2000-05-30,0.03,37.62,19.28,3.92,97.63
2000-05-31,0.81,37.45,23.74,2.45,97.59
2000-06-01,11.24,36.21,34.0,2.26,97.39
2000-06-02,0.0,36.79,34.07,1.53,97.37
2000-06-03,0.0,35.99,32.16,2.61,97.52
2000-06-04,2.75,36.28,32.59,2.76,97.52
2000-06-05,3.37,35.79,34.07,1.45,97.44
2000-06-06,0.7,35.71,37.42,3.94,97.33
2000-06-07,15.84,27.99,71.23,5.62,97.38
2000-06-08,26.09,29.15,76.8,2.1,97.22
2000-06-09,5.7,31.96,60.39,1.97,97.57
2000-06-10,9.3,32.7,54.45,1.15,97.58
2000-06-11,0.0,34.48,40.16,1.89,97.47
2000-06-12,0.12,34.65,38.71,2.57,97.4
2000-06-13,0.42,35.88,36.27,3.25,97.28
2000-06-14,0.04,35.55,37.98,2.98,97.33
2000-06-15,0.01,35.98,34.63,2.87,97.28
2000-06-16,3.79,35.85,38.81,1.71,97.24
2000-06-17,1.12,34.7,43.51,2.2,97.33
2000-06-18,0.01,35.3,34.74,1.41,97.35
2000-06-19,0.08,34.86,44.2,2.63,97.44
2000-06-20,0.73,34.96,45.68,2.87,97.46
2000-06-21,1.57,35.49,44.88,2.29,97.38
2000-06-22,8.31,36.53,39.09,2.35,97.28
2000-06-23,9.22,33.27,52.0,2.33,97.5
2000-06-24,7.36,34.41,44.46,2.67,97.28
2000-06-25,1.58,34.79,40.35,3.07,97.22
2000-06-26,0.12,34.81,38.98,3.1,97.32
2000-06-27,0.31,35.67,37.41,2.18,97.41
2000-06-28,0.51,35.66,38.9,1.61,97.48
2000-06-29,13.66,32.78,58.58,3.09,97.64
2000-06-30,21.98,30.6,69.08,2.66,97.59
2000-07-01,18.87,31.97,66.72,1.72,97.51
2000-07-02,3.67,33.23,58.06,1.41,97.48
2000-07-03,1.76,32.49,59.1,2.03,97.53
2000-07-04,0.02,33.63,51.06,1.18,97.5
2000-07-05,0.04,35.78,44.87,1.2,97.38
2000-07-06,0.76,36.83,39.95,1.88,97.22
2000-07-07,10.78,32.61,58.47,1.69,97.27
2000-07-08,5.0,33.31,61.32,2.62,97.18
2000-07-09,0.44,33.06,60.68,2.26,97.1
2000-07-10,11.98,33.47,58.77,2.39,97.04
2000-07-11,4.97,32.48,64.0,2.79,97.19
2000-07-12,6.61,31.24,70.74,2.74,97.32
2000-07-13,2.19,30.88,71.56,3.56,97.28
2000-07-14,0.99,30.11,76.11,3.63,97.22
2000-07-15,2.27,31.53,68.03,3.24,97.09
2000-07-16,21.42,29.82,77.15,3.26,97.15
2000-07-17,29.37,30.01,80.38,1.82,97.18
2000-07-18,9.22,30.55,76.47,0.77,97.11
2000-07-19,1.76,29.94,74.32,0.69,97.22
2000-07-20,1.13,30.52,71.52,2.07,97.35
2000-07-21,1.72,29.47,75.67,5.16,97.37
2000-07-22,5.4,27.54,79.02,3.46,97.65
2000-07-23,5.1,28.11,74.34,2.36,97.61
2000-07-24,19.26,28.63,74.95,2.32,97.53
2000-07-25,3.27,30.2,66.19,2.1,97.68
2000-07-26,2.3,31.22,63.38,2.18,97.58
2000-07-27,0.65,30.8,61.51,1.83,97.64
2000-07-28,0.25,29.5,70.26,1.52,97.75
2000-07-29,0.54,31.39,61.45,0.88,97.76
2000-07-30,24.62,30.4,73.45,1.54,97.82
2000-07-31,2.76,28.97,75.85,1.94,97.7
2000-08-01,0.66,29.04,70.05,2.86,97.52
2000-08-02,0.09,30.06,63.91,2.22,97.59
2000-08-03,0.51,30.62,61.72,2.5,97.62
2000-08-04,0.48,31.43,60.58,2.05,97.73
2000-08-05,0.0,32.19,56.07,2.53,97.65
2000-08-06,0.0,32.94,54.73,2.25,97.61
2000-08-07,0.12,33.52,51.89,2.21,97.59
2000-08-08,0.0,34.01,48.36,2.17,97.59
2000-08-09,0.12,34.05,49.27,1.58,97.52
2000-08-10,18.8,30.59,70.2,2.7,97.66
2000-08-11,2.6,28.22,81.3,2.26,97.74
2000-08-12,1.27,30.3,71.21,2.34,97.81
2000-08-13,1.57,30.93,69.64,1.42,97.92
2000-08-14,14.76,31.48,67.64,0.61,97.76
2000-08-15,33.93,29.88,76.76,1.22,97.73
2000-08-16,11.49,28.89,77.64,2.84,97.66
2000-08-17,5.55,31.24,66.38,2.73,97.42
2000-08-18,0.94,30.46,68.65,1.51,97.55
2000-08-19,7.28,28.84,83.49,1.6,97.74
2000-08-20,10.06,29.09,80.51,1.42,97.69
2000-08-21,9.92,29.77,74.89,0.92,97.57
2000-08-22,8.37,28.97,83.11,1.52,97.76
2000-08-23,4.89,29.34,82.71,1.14,97.81
2000-08-24,3.46,30.25,78.01,1.33,97.67
2000-08-25,11.49,29.98,78.54,2.0,97.75
2000-08-26,0.2,28.18,80.5,2.21,97.89
2000-08-27,0.18,29.88,71.78,0.89,97.71
2000-08-28,0.92,32.56,66.36,1.41,97.34
2000-08-29,6.17,31.41,68.22,2.78,97.27
2000-08-30,10.47,30.69,71.55,2.35,97.18
2000-08-31,2.96,30.99,65.45,2.16,97.22
2000-09-01,0.13,31.89,62.8,1.42,97.35
2000-09-02,0.12,31.8,57.71,1.73,97.48
2000-09-03,15.08,29.95,70.61,1.43,97.65
2000-09-04,1.02,28.14,80.05,1.4,97.82
2000-09-05,2.65,30.03,70.84,1.03,97.69
2000-09-06,1.64,30.86,66.78,1.51,97.53
2000-09-07,0.74,31.23,64.85,1.8,97.64
2000-09-08,1.77,30.96,60.69,1.76,97.88
2000-09-09,0.47,31.41,59.26,1.31,97.85
2000-09-10,0.09,31.68,52.99,1.82,97.71
2000-09-11,1.45,31.43,51.15,1.76,97.71
2000-09-12,1.08,31.4,49.06,1.63,97.86
2000-09-13,0.0,31.28,44.37,2.02,98.03
2000-09-14,0.0,30.6,46.64,1.6,98.01
2000-09-15,1.25,29.83,61.85,1.15,97.98
2000-09-16,0.04,31.02,56.26,1.22,97.95
2000-09-17,0.0,31.2,41.2,1.49,98.06
2000-09-18,0.01,29.74,42.09,2.36,97.96
2000-09-19,1.23,29.65,56.96,1.77,98.09
2000-09-20,0.59,28.85,63.94,1.83,98.35
2000-09-21,0.16,28.85,63.07,1.31,98.49
2000-09-22,0.01,29.81,55.3,1.39,98.52
2000-09-23,0.0,30.28,46.65,1.27,98.4
2000-09-24,0.0,29.96,47.8,1.3,98.31
2000-09-25,0.05,30.11,44.44,1.32,98.2
2000-09-26,1.05,29.08,48.24,1.71,98.3
2000-09-27,0.38,29.28,40.13,1.41,98.34
2000-09-28,0.01,28.9,36.21,1.06,98.26
2000-09-29,0.12,28.45,37.67,0.92,98.31
2000-09-30,0.0,27.71,40.6,1.14,98.25
2000-10-01,0.0,27.48,51.13,1.63,98.4
2000-10-02,0.0,28.5,44.79,1.11,98.49
2000-10-03,0.0,29.0,35.87,1.47,98.39
2000-10-04,0.0,27.8,40.42,1.21,98.37
2000-10-05,0.0,27.34,50.9,1.43,98.5
2000-10-06,0.0,28.25,54.89,1.8,98.57
2000-10-07,0.0,29.28,47.42,1.14,98.5
2000-10-08,0.0,29.77,38.01,1.36,98.3
2000-10-09,0.0,30.28,35.1,1.05,98.08
2000-10-10,0.01,29.93,34.84,1.29,98.25
2000-10-11,0.0,28.49,27.19,1.06,98.41
2000-10-12,0.0,26.89,30.48,1.71,98.44
2000-10-13,0.0,26.1,28.72,2.23,98.24
2000-10-14,0.0,25.5,27.61,2.0,98.22
2000-10-15,0.0,25.03,25.87,2.41,98.49
2000-10-16,0.0,26.89,23.0,1.53,98.6
2000-10-17,0.0,27.79,23.83,1.04,98.51
2000-10-18,0.0,26.83,31.02,0.93,98.32
2000-10-19,0.0,25.97,32.24,1.16,98.23
2000-10-20,0.0,27.42,29.78,1.3,98.23
2000-10-21,0.0,27.06,28.92,1.24,98.23
2000-10-22,0.0,24.97,35.87,1.29,98.19
2000-10-23,0.0,25.77,39.53,1.17,98.18
2000-10-24,0.0,27.59,28.35,0.98,98.39
2000-10-25,0.0,26.22,22.94,1.35,98.63
2000-10-26,0.0,25.32,25.1,1.25,98.68
2000-10-27,0.0,24.94,19.26,1.32,98.64
2000-10-28,0.0,24.9,23.79,1.13,98.73
2000-10-29,0.0,23.81,34.5,1.32,98.9
2000-10-30,0.0,24.33,36.05,1.19,98.74
2000-10-31,0.0,24.43,26.28,1.02,98.54
2000-11-01,0.0,21.93,42.34,1.58,98.82
2000-11-02,0.0,23.77,45.88,1.44,99.04
2000-11-03,0.0,24.78,35.73,1.46,99.12
2000-11-04,0.0,24.38,23.14,1.32,99.12
2000-11-05,0.0,24.1,20.65,1.62,98.83
2000-11-06,0.0,24.83,18.16,1.77,98.56
2000-11-07,0.0,25.36,15.25,1.1,98.71
2000-11-08,0.0,24.82,20.36,1.46,98.83
2000-11-09,0.03,25.24,25.43,1.95,98.76
2000-11-10,0.0,23.53,21.82,2.94,98.83
2000-11-11,0.0,22.09,21.62,2.19,98.99
2000-11-12,0.0,21.78,21.78,1.93,98.79
2000-11-13,0.0,23.57,26.31,1.02,98.64
2000-11-14,0.0,23.08,22.47,1.72,98.78
2000-11-15,0.0,20.84,20.4,2.11,98.93
2000-11-16,0.0,22.31,14.04,1.11,99.04
2000-11-17,0.0,22.23,17.44,1.4,98.87
2000-11-18,0.0,21.94,20.1,1.86,98.59
2000-11-19,0.0,19.59,24.43,1.09,98.58
2000-11-20,0.0,20.45,24.63,2.02,98.66
2000-11-21,0.0,20.83,25.76,1.47,98.84
2000-11-22,0.0,20.74,41.25,1.49,99.06
2000-11-23,0.0,21.22,45.92,1.57,99.2
2000-11-24,0.0,21.62,34.03,1.73,99.05
2000-11-25,0.0,19.63,28.54,3.38,98.96
2000-11-26,0.0,19.04,25.0,1.76,99.04
2000-11-27,0.48,19.22,29.91,1.21,99.11
2000-11-28,0.0,19.01,32.92,1.3,99.15
2000-11-29,0.01,16.89,21.65,2.4,99.1
2000-11-30,0.0,15.74,20.17,2.6,99.23
2000-12-01,0.0,15.1,17.78,2.91,99.26
2000-12-02,0.0,13.94,10.12,2.27,99.35
2000-12-03,0.0,15.73,9.77,1.82,99.45
2000-12-04,0.0,17.12,13.73,3.1,99.07
2000-12-05,0.0,17.83,16.49,2.14,98.92
2000-12-06,0.0,17.78,17.15,1.76,99.03
2000-12-07,0.0,17.04,16.7,2.02,99.2
2000-12-08,0.0,18.68,14.61,1.69,99.09
2000-12-09,0.0,17.19,21.04,2.41,98.9
2000-12-10,0.0,16.36,21.87,1.71,99.03
2000-12-11,0.0,15.49,22.78,1.94,99.15
2000-12-12,0.0,15.27,19.54,2.34,99.13
2000-12-13,0.0,16.05,19.85,1.92,99.07
2000-12-14,0.0,17.21,25.55,2.09,98.97
2000-12-15,0.0,18.24,25.74,1.36,99.12
2000-12-16,0.0,19.27,24.99,1.19,99.23
2000-12-17,0.0,19.5,27.53,1.36,99.21
2000-12-18,0.0,18.9,42.99,2.65,99.12
2000-12-19,0.0,16.17,30.41,3.19,99.0
2000-12-20,0.0,14.83,22.8,2.64,99.11
2000-12-21,0.0,14.42,20.72,2.18,99.19
2000-12-22,0.0,13.59,22.75,1.76,99.23
2000-12-23,0.0,15.01,22.03,1.41,99.15
2000-12-24,0.0,14.51,24.1,1.37,99.16
2000-12-25,0.0,14.62,23.44,1.71,99.13
2000-12-26,0.0,15.2,25.88,1.46,99.2
2000-12-27,0.0,16.77,24.28,0.81,99.2
2000-12-28,0.0,15.42,27.75,1.16,99.2
2000-12-29,0.0,16.55,26.76,0.88,99.17
2000-12-30,1.77,15.96,29.25,1.66,99.04
2000-12-31,0.84,17.48,49.37,1.37,98.97
2001-01-01,10.56,13.54,74.77,1.29,98.87
2001-01-02,0.0,13.57,67.78,1.24,99.2
2001-01-03,0.0,13.23,60.12,1.91,99.29
2001-01-04,0.0,12.78,56.4,2.47,99.28
2001-01-05,0.0,12.36,48.68,2.38,99.25
2001-01-06,0.0,13.79,36.48,0.93,99.25
2001-01-07,0.0,13.61,32.92,0.88,99.06
2001-01-08,0.0,10.66,45.05,1.75,99.04
2001-01-09,0.0,11.29,44.13,2.05,99.18
2001-01-10,0.0,10.18,45.06,2.07,99.22
2001-01-11,0.0,11.3,37.88,1.99,99.01
2001-01-12,0.0,12.95,31.77,1.03,99.05
2001-01-13,0.0,11.47,38.0,1.99,99.18
2001-01-14,0.0,12.25,39.81,2.24,99.13
2001-01-15,0.0,12.86,33.74,1.23,99.26
2001-01-16,0.0,12.32,33.92,1.63,99.33
2001-01-17,0.0,12.77,33.43,1.28,99.39
2001-01-18,0.0,13.36,32.53,1.53,99.32
2001-01-19,0.0,13.9,29.02,1.48,99.25
2001-01-20,0.0,15.36,27.44,1.14,99.12
2001-01-21,0.0,15.45,27.31,1.57,98.78
2001-01-22,0.0,15.97,31.68,1.09,98.61
2001-01-23,1.04,12.45,37.29,2.8,98.88
2001-01-24,0.0,11.99,29.88,4.04,99.0
2001-01-25,0.0,12.75,25.63,3.41,98.88
2001-01-26,0.0,14.87,24.01,2.94,98.88
2001-01-27,0.0,15.38,23.37,3.17,98.91
2001-01-28,0.0,15.72,20.29,2.38,98.92
2001-01-29,0.0,19.0,18.24,1.23,98.88
2001-01-30,0.0,20.01,16.62,1.48,98.78
2001-01-31,0.0,17.93,23.48,2.44,98.76
2001-02-01,0.0,14.7,12.51,2.75,98.87
2001-02-02,0.0,13.04,18.25,3.08,98.92
2001-02-03,0.0,13.12,18.18,2.39,98.8
2001-02-04,0.0,16.04,14.39,0.78,98.83
2001-02-05,0.0,15.34,15.87,1.27,98.91
2001-02-06,0.0,15.4,15.99,2.45,99.0
2001-02-07,0.0,15.93,14.69,2.7,99.0
2001-02-08,0.0,17.02,18.16,3.46,98.93
2001-02-09,0.0,16.82,17.88,3.32,98.75
2001-02-10,0.0,17.47,17.21,2.0,98.67
2001-02-11,0.0,16.44,13.93,2.02,98.65
2001-02-12,0.0,19.28,11.69,1.2,98.91
2001-02-13,0.0,20.65,12.06,1.37,98.86
2001-02-14,1.19,19.59,18.83,2.34,98.57
2001-02-15,1.1,17.87,44.12,2.07,98.93
2001-02-16,0.02,19.55,42.99,1.3,99.16
2001-02-17,0.0,21.33,29.76,0.73,99.07
2001-02-18,0.0,19.81,32.4,1.92,99.01
2001-02-19,0.0,20.02,24.91,2.92,98.9
2001-02-20,0.75,21.54,24.43,2.58,98.66
2001-02-21,0.01,20.36,37.64,1.21,98.59
2001-02-22,0.0,21.12,28.27,2.17,98.69
2001-02-23,0.0,22.55,25.33,1.53,98.56
2001-02-24,6.14,22.81,45.65,1.97,98.49
2001-02-25,1.24,20.95,64.89,1.22,98.29
2001-02-26,0.0,18.67,47.79,1.53,98.68
2001-02-27,0.0,18.41,23.22,1.46,98.96
2001-02-28,0.0,18.68,20.9,1.09,99.27
2001-03-01,0.0,17.7,19.76,2.43,99.39
2001-03-02,0.0,18.07,19.08,2.6,99.33
2001-03-03,0.0,18.8,18.12,1.67,99.27
2001-03-04,0.0,19.17,18.14,1.55,99.18
2001-03-05,0.0,18.23,19.14,2.06,98.94
2001-03-06,0.01,20.63,15.9,2.02,98.87
2001-03-07,0.0,23.65,13.56,1.37,98.89
2001-03-08,0.0,24.06,12.66,1.31,98.81
2001-03-09,0.0,23.3,13.99,1.37,98.82
2001-03-10,0.0,23.06,13.81,1.71,98.85
2001-03-11,0.0,25.02,12.14,1.58,98.83
2001-03-12,0.0,25.65,13.45,1.44,98.71
2001-03-13,0.02,25.44,20.06,2.46,98.59
2001-03-14,0.27,24.76,43.49,1.66,98.72
2001-03-15,0.0,25.41,38.0,1.64,98.9
2001-03-16,0.0,24.05,15.91,2.84,98.77
2001-03-17,0.0,23.61,13.43,2.57,98.53
2001-03-18,0.0,25.48,14.09,1.77,98.6
2001-03-19,0.0,27.53,15.02,1.59,98.58
2001-03-20,0.03,27.48,18.78,1.62,98.31
2001-03-21,0.0,25.48,27.56,1.96,98.24
2001-03-22,0.0,24.53,20.3,2.13,98.34
2001-03-23,0.03,24.5,18.05,2.18,98.49
2001-03-24,0.0,24.08,17.15,2.61,98.45
2001-03-25,0.0,25.91,15.3,2.79,98.23
2001-03-26,0.0,26.6,17.27,2.23,98.13
2001-03-27,0.0,27.81,16.0,2.38,98.03
2001-03-28,0.36,29.14,26.48,1.81,97.93
2001-03-29,0.68,27.48,28.8,2.21,98.01
2001-03-30,0.0,26.19,22.84,2.29,98.06
2001-03-31,2.23,24.85,29.55,2.09,98.69
2001-04-01,0.0,24.43,26.05,1.95,98.68
2001-04-02,0.0,25.5,23.53,1.81,98.51
2001-04-03,0.0,28.12,17.75,1.12,98.56
2001-04-04,0.0,28.11,16.67,1.68,98.65
2001-04-05,0.52,27.86,17.35,1.62,98.44
2001-04-06,0.0,29.05,16.73,1.26,98.55
2001-04-07,0.0,28.9,12.09,2.5,98.62
2001-04-08,0.0,29.58,11.12,2.67,98.18
2001-04-09,0.0,31.24,8.71,1.84,97.95
2001-04-10,0.0,31.85,10.51,1.79,98.15
2001-04-11,0.0,30.87,12.93,2.41,98.37
2001-04-12,0.37,29.83,23.33,2.28,98.31
2001-04-13,0.3,30.3,25.93,1.81,98.34
2001-04-14,2.1,30.17,31.65,2.25,98.67
2001-04-15,0.77,30.46,30.23,1.74,98.7
2001-04-16,2.3,28.79,34.98,1.53,98.56
2001-04-17,17.8,25.4,50.72,1.87,98.5
2001-04-18,0.07,26.33,43.44,1.5,98.49
2001-04-19,1.36,27.78,41.42,1.54,98.38
2001-04-20,0.0,26.07,46.11,3.26,98.39
2001-04-21,0.0,26.9,36.1,4.03,98.22
2001-04-22,0.0,28.28,30.55,3.19,98.13
2001-04-23,0.0,29.76,25.95,2.58,98.11
2001-04-24,0.0,31.76,24.29,1.68,98.2
2001-04-25,0.0,33.15,22.21,1.82,98.01
2001-04-26,0.0,33.38,23.76,1.97,97.92
2001-04-27,0.0,34.09,19.31,2.77,97.84
2001-04-28,0.0,34.13,16.88,3.84,97.6
2001-04-29,0.0,34.49,16.96,2.96,97.65
2001-04-30,0.0,35.58,17.28,1.83,97.89
2001-05-01,0.04,37.42,17.16,1.32,97.94
2001-05-02,0.44,36.39,18.93,1.36,97.77
2001-05-03,0.35,36.22,16.68,1.11,97.55
2001-05-04,0.02,35.69,16.15,1.44,97.7
2001-05-05,0.0,35.57,13.04,1.96,97.75
2001-05-06,0.0,36.4,12.0,1.91,97.62
2001-05-07,0.0,35.82,17.42,2.19,97.63
2001-05-08,0.0,37.29,19.4,3.23,97.57
2001-05-09,0.0,37.59,18.42,4.94,97.42
2001-05-10,0.0,37.74,17.01,5.21,97.33
2001-05-11,0.0,37.84,12.0,3.87,97.51
2001-05-12,0.0,37.67,14.59,1.49,97.67
2001-05-13,0.0,37.94,14.35,2.26,97.56
2001-05-14,0.0,38.0,15.36,3.64,97.62
2001-05-15,0.0,37.02,16.85,2.14,97.8
2001-05-16,8.3,34.54,31.76,1.05,97.88
2001-05-17,4.25,29.97,52.35,2.15,98.01
2001-05-18,2.47,30.06,49.5,1.59,98.0
2001-05-19,0.32,31.09,45.55,1.27,97.94
2001-05-20,0.58,32.88,43.14,1.96,97.82
2001-05-21,0.47,33.91,41.53,2.0,97.75
2001-05-22,0.01,34.23,38.99,2.4,97.76
2001-05-23,0.0,35.18,29.72,3.32,97.62
2001-05-24,0.0,37.2,25.43,3.3,97.26
2001-05-25,0.0,37.44,20.74,4.28,97.17
2001-05-26,0.0,38.01,23.97,4.42,97.35
2001-05-27,4.33,36.65,31.38,3.29,97.52
2001-05-28,7.53,35.51,35.46,2.47,97.52
2001-05-29,9.39,33.59,47.73,1.88,97.6
2001-05-30,0.45,33.67,48.91,2.78,97.54
2001-05-31,4.5,33.74,50.13,4.1,97.37
2001-06-01,2.27,34.03,46.43,2.44,97.45
2001-06-02,4.49,34.58,43.03,2.19,97.63
2001-06-03,1.85,34.91,39.56,1.0,97.68
2001-06-04,38.63,33.03,53.78,1.46,97.58
2001-06-05,5.34,33.35,49.48,1.33,97.5
2001-06-06,0.16,33.5,46.62,1.78,97.42
2001-06-07,0.27,31.66,49.03,1.59,97.54
2001-06-08,1.31,32.7,42.25,1.58,97.39
2001-06-09,0.13,34.69,37.91,1.31,97.33
2001-06-10,0.13,34.97,36.33,1.21,97.36
2001-06-11,0.15,35.54,35.19,1.48,97.3
2001-06-12,0.01,36.2,37.4,2.38,97.37
2001-06-13,1.39,37.09,41.2,1.43,97.43
2001-06-14,7.53,34.67,51.89,2.31,97.36
2001-06-15,0.05,34.46,47.18,2.88,97.25
2001-06-16,2.93,34.31,46.17,1.56,97.14
2001-06-17,6.03,33.37,51.55,1.65,97.18
2001-06-18,0.28,34.38,46.27,1.96,97.35
2001-06-19,0.0,35.15,40.93,3.29,97.34
2001-06-20,0.67,35.91,43.65,4.14,97.15
2001-06-21,4.16,34.98,48.5,2.78,97.22
2001-06-22,0.13,35.48,40.97,2.67,97.24
2001-06-23,2.79,34.81,44.65,2.51,97.35
2001-06-24,10.27,33.03,55.89,1.57,97.43
2001-06-25,8.0,33.12,55.79,1.04,97.46
2001-06-26,4.54,33.25,55.87,1.23,97.35
2001-06-27,7.2,33.32,56.36,1.15,97.37
2001-06-28,1.7,34.94,46.6,1.04,97.3
2001-06-29,0.95,35.6,45.13,1.32,97.36
2001-06-30,3.02,32.33,59.54,1.57,97.6
2001-07-01,2.39,32.68,59.85,1.17,97.62
2001-07-02,0.4,32.54,59.34,0.77,97.49
2001-07-03,0.0,33.06,54.15,2.65,97.27
2001-07-04,0.18,33.98,53.05,3.16,97.23
2001-07-05,2.4,34.83,49.53,1.01,97.28
2001-07-06,1.01,34.71,52.02,1.66,97.27
2001-07-07,5.55,31.15,67.34,1.75,97.42
2001-07-08,0.41,33.56,56.76,0.75,97.36
2001-07-09,2.13,35.09,47.45,1.88,97.27
2001-07-10,0.31,33.95,50.5,2.93,97.41
2001-07-11,0.47,33.45,52.93,3.91,97.38
2001-07-12,0.93,33.34,54.03,3.69,97.42
2001-07-13,5.45,32.56,60.81,1.83,97.54
2001-07-14,22.05,29.07,73.78,3.42,97.59
2001-07-15,21.07,30.56,70.29,3.11,97.4
2001-07-16,12.24,31.27,66.24,2.02,97.38
2001-07-17,1.77,31.57,64.65,1.38,97.51
2001-07-18,2.14,32.8,59.38,1.18,97.43
2001-07-19,6.29,32.72,61.03,1.31,97.35
2001-07-20,10.74,30.11,74.84,2.5,97.51
2001-07-21,7.22,30.86,72.16,1.35,97.44
2001-07-22,9.33,30.97,74.16,1.24,97.59
2001-07-23,0.5,30.86,73.37,2.03,97.66
2001-07-24,3.89,31.48,69.76,2.24,97.58
2001-07-25,5.21,31.89,69.47,1.62,97.53
2001-07-26,17.04,30.84,76.28,0.96,97.61
2001-07-27,13.09,31.05,74.22,1.9,97.49
2001-07-28,5.57,31.01,73.78,2.51,97.41
2001-07-29,1.94,30.21,72.45,2.73,97.51
2001-07-30,0.54,30.07,68.36,2.04,97.63
2001-07-31,0.08,31.86,60.3,1.68,97.74
2001-08-01,0.0,31.57,56.19,2.34,97.58
2001-08-02,0.13,31.73,54.33,2.8,97.43
2001-08-03,0.7,31.33,59.44,1.56,97.72
2001-08-04,1.03,30.7,70.94,2.63,98.07
2001-08-05,5.64,29.82,77.31,1.89,98.1
2001-08-06,25.74,28.63,84.65,1.66,98.0
2001-08-07,4.68,29.28,79.67,2.19,97.9
2001-08-08,1.39,29.74,77.29,1.78,97.86
2001-08-09,5.96,28.76,81.58,1.19,98.07
2001-08-10,5.28,30.14,76.41,1.67,98.01
2001-08-11,0.71,30.66,73.54,1.96,97.95
2001-08-12,1.16,31.88,67.98,1.1,97.71
2001-08-13,12.82,31.68,68.98,1.11,97.62
2001-08-14,10.11,30.71,75.37,0.87,97.85
2001-08-15,2.75,31.52,69.75,0.55,97.9
2001-08-16,0.68,31.95,68.9,0.65,97.62
2001-08-17,1.57,31.24,72.03,1.71,97.43
2001-08-18,2.33,31.6,65.94,2.4,97.42
2001-08-19,0.3,31.0,62.7,2.13,97.65
2001-08-20,0.51,31.1,63.54,1.37,97.84
2001-08-21,0.09,32.29,57.62,1.22,97.81
2001-08-22,0.39,32.42,52.34,2.0,97.55
2001-08-23,0.16,31.69,54.9,1.74,97.61
2001-08-24,0.76,31.74,56.91,1.68,97.7
2001-08-25,1.14,32.2,55.07,1.99,97.8
2001-08-26,0.44,31.69,54.54,2.85,97.7
2001-08-27,0.17,31.33,51.8,2.82,97.54
2001-08-28,1.04,31.18,52.46,2.79,97.38
2001-08-29,0.74,31.16,51.29,1.74,97.4
2001-08-30,1.88,31.55,51.02,0.81,97.52
2001-08-31,0.88,31.84,56.15,1.48,97.59
2001-09-01,0.04,32.74,53.64,1.62,97.68
2001-09-02,22.67,32.23,57.24,1.64,97.75
2001-09-03,8.4,31.93,58.17,1.44,97.88
2001-09-04,0.09,31.74,55.57,1.95,97.89
2001-09-05,0.49,31.28,55.6,2.08,97.85
2001-09-06,0.05,31.05,55.98,1.85,98.0
2001-09-07,0.19,32.03,50.21,1.61,98.13
2001-09-08,0.65,32.14,50.25,1.31,98.2
2001-09-09,0.63,31.79,48.67,2.08,98.01
2001-09-10,0.09,31.22,49.28,2.27,97.85
2001-09-11,0.02,31.51,49.91,1.7,97.88
2001-09-12,0.41,32.13,50.04,1.3,98.03
2001-09-13,0.1,31.72,51.0,1.64,98.04
2001-09-14,4.12,31.29,51.94,1.45,98.19
2001-09-15,0.02,30.85,50.29,2.13,98.35
2001-09-16,0.0,30.52,47.72,2.0,98.29
2001-09-17,0.0,30.72,42.19,2.16,98.13
2001-09-18,0.0,31.03,37.42,1.91,97.99
2001-09-19,0.0,30.07,35.28,2.47,98.02
2001-09-20,0.0,30.15,35.9,1.84,98.13
2001-09-21,0.0,30.25,37.83,1.71,98.34
2001-09-22,0.0,30.23,38.14,1.91,98.29
2001-09-23,0.0,30.42,35.44,1.36,98.26
2001-09-24,0.0,29.95,36.46,1.17,98.23
2001-09-25,0.0,29.77,35.5,1.21,98.18
2001-09-26,0.0,29.85,36.43,1.46,98.17
2001-09-27,0.0,29.35,32.44,1.88,98.14
2001-09-28,0.0,29.54,35.9,1.0,98.12
2001-09-29,1.07,29.69,44.34,1.9,98.15
2001-09-30,0.7,30.94,54.22,2.27,98.2
2001-10-01,2.16,30.65,56.0,3.04,98.25
2001-10-02,0.09,29.88,57.79,3.11,98.25
2001-10-03,0.67,29.94,57.34,2.15,98.19
2001-10-04,1.54,29.94,61.86,1.07,98.19
2001-10-05,0.03,30.56,49.85,1.1,98.12
2001-10-06,0.0,29.0,39.63,1.48,98.27
2001-10-07,0.0,28.54,33.92,1.19,98.45
2001-10-08,0.0,28.6,31.97,1.0,98.49
2001-10-09,0.0,29.49,25.19,1.07,98.38
2001-10-10,0.0,29.33,25.26,1.1,98.29
2001-10-11,0.04,27.73,33.0,1.43,98.38
2001-10-12,0.8,28.86,33.72,1.22,98.46
2001-10-13,0.0,28.78,32.59,0.99,98.49
2001-10-14,0.0,26.48,28.74,1.68,98.45
2001-10-15,0.0,25.66,22.19,1.28,98.6
2001-10-16,0.0,25.77,27.13,1.22,98.68
2001-10-17,0.0,25.74,28.27,1.61,98.57
2001-10-18,0.0,25.94,20.81,1.62,98.51
2001-10-19,0.0,27.08,16.45,1.24,98.72
2001-10-20,0.0,26.15,22.66,1.47,98.79
2001-10-21,0.0,26.34,22.42,0.96,98.73
2001-10-22,0.0,25.86,28.42,1.24,98.82
2001-10-23,0.0,26.58,24.75,1.19,98.83
2001-10-24,0.0,26.56,22.09,1.54,98.61
2001-10-25,0.0,26.66,19.31,1.59,98.35
2001-10-26,0.0,26.51,24.62,1.24,98.38
2001-10-27,0.0,25.83,29.56,1.38,98.64
2001-10-28,0.0,25.31,38.01,1.06,98.76
2001-10-29,0.0,25.69,34.87,1.09,98.7
2001-10-30,0.0,26.08,34.06,1.14,98.64
2001-10-31,0.0,27.27,28.44,1.35,98.63
2001-11-01,0.0,27.23,22.99,1.48,98.7
2001-11-02,0.0,27.58,22.9,1.46,98.76
2001-11-03,0.0,26.37,23.16,1.37,98.62
2001-11-04,0.05,25.74,22.49,1.82,98.64
2001-11-05,0.0,23.67,19.38,1.43,98.86
2001-11-06,0.04,24.86,25.11,2.1,98.91
2001-11-07,0.0,25.18,35.58,1.76,98.93
2001-11-08,0.0,22.87,32.36,1.36,98.97
2001-11-09,0.0,22.1,21.4,1.7,98.98
2001-11-10,0.0,21.76,16.82,1.51,98.95
2001-11-11,0.0,21.7,18.63,1.21,98.94
2001-11-12,0.0,21.29,19.06,2.16,98.96
2001-11-13,0.0,20.73,18.19,1.96,99.01
2001-11-14,0.0,21.9,17.97,1.12,99.05
2001-11-15,0.0,21.52,20.41,1.21,99.04
2001-11-16,0.0,22.11,22.6,1.26,99.05
2001-11-17,0.0,22.8,22.88,0.63,99.1
2001-11-18,0.0,20.89,22.61,1.93,99.14
2001-11-19,0.0,20.12,21.48,1.56,99.2
2001-11-20,0.0,20.6,23.42,1.11,99.31
2001-11-21,0.0,21.73,23.32,0.81,99.28
2001-11-22,0.0,20.85,21.57,1.32,99.17
2001-11-23,0.0,19.32,21.02,2.11,99.08
2001-11-24,0.0,18.77,20.34,1.55,99.18
2001-11-25,0.0,19.72,21.96,1.1,99.23
2001-11-26,0.0,19.54,21.14,1.06,99.11
2001-11-27,0.0,19.73,20.43,0.89,99.19
2001-11-28,0.0,17.81,26.07,1.71,99.02
2001-11-29,0.0,17.26,24.71,1.41,99.15
2001-11-30,0.0,18.21,22.83,2.81,99.2
2001-12-01,0.0,18.32,20.7,3.02,99.08
2001-12-02,0.0,18.19,20.33,2.7,98.96
2001-12-03,0.0,19.39,18.79,2.03,98.95
2001-12-04,0.0,19.65,20.43,1.79,98.91
2001-12-05,0.0,19.23,21.84,1.96,98.88
2001-12-06,0.0,18.07,22.7,1.99,99.0
2001-12-07,0.0,19.43,23.22,1.98,98.91
2001-12-08,0.0,19.69,23.91,1.87,98.93
2001-12-09,0.0,19.73,20.98,2.06,99.0
2001-12-10,0.0,16.32,25.79,2.29,99.15
2001-12-11,0.01,16.26,35.0,2.27,99.22
2001-12-12,0.0,18.15,28.94,1.43,99.32
2001-12-13,0.0,17.19,23.14,2.16,99.4
2001-12-14,0.0,16.72,19.67,0.99,99.46
2001-12-15,0.62,17.09,24.15,1.21,99.47
2001-12-16,0.02,16.95,32.36,1.04,99.42
2001-12-17,0.0,16.29,41.13,1.62,99.47
2001-12-18,0.0,17.57,37.87,1.5,99.51
2001-12-19,0.55,16.83,40.72,1.63,99.65
2001-12-20,0.03,15.33,41.17,2.41,99.63
2001-12-21,0.0,14.12,30.33,1.91,99.69
2001-12-22,0.0,13.92,29.28,1.4,99.7
2001-12-23,0.0,13.89,27.2,1.34,99.56
2001-12-24,0.0,14.02,26.13,1.33,99.46
2001-12-25,0.0,16.06,22.99,1.07,99.37
2001-12-26,0.0,15.14,25.46,1.37,99.49
2001-12-27,0.0,14.79,30.44,0.97,99.71
2001-12-28,0.0,14.02,33.38,1.25,99.77
2001-12-29,0.0,12.8,36.78,1.27,99.63
2001-12-30,0.0,11.97,35.31,1.75,99.57
2001-12-31,0.0,11.81,34.85,1.96,99.53
2002-01-01,0.0,13.86,31.16,1.16,99.62
2002-01-02,0.0,14.49,26.37,1.18,99.7
2002-01-03,0.0,14.8,26.51,1.11,99.63
2002-01-04,0.0,14.99,23.65,1.13,99.58
2002-01-05,0.0,14.89,24.76,0.94,99.48
2002-01-06,0.0,14.25,27.33,1.13,99.46
2002-01-07,0.0,15.65,26.86,0.94,99.52
2002-01-08,0.0,15.0,30.43,1.04,99.56
2002-01-09,0.0,14.16,29.55,1.47,99.59
2002-01-10,0.0,12.56,29.62,1.75,99.54
2002-01-11,0.0,14.11,25.74,2.96,99.2
2002-01-12,0.0,16.23,28.98,2.52,99.01
2002-01-13,0.0,15.81,30.15,1.87,98.89
2002-01-14,0.22,15.1,36.23,2.24,98.7
2002-01-15,15.54,13.38,69.49,2.91,98.67
2002-01-16,0.06,14.56,73.18,1.48,98.9
2002-01-17,4.18,15.25,66.54,1.03,98.81
2002-01-18,4.08,14.59,67.77,1.33,98.74
2002-01-19,0.08,14.32,61.48,0.79,99.02
2002-01-20,0.24,12.63,48.54,1.5,99.23
2002-01-21,0.06,11.82,39.02,1.5,99.16
2002-01-22,0.0,11.94,41.74,1.62,99.06
2002-01-23,0.0,12.06,45.36,1.92,99.06
2002-01-24,0.0,12.78,35.81,2.63,98.91
2002-01-25,0.0,14.82,38.3,1.35,98.81
2002-01-26,1.21,15.81,48.86,1.61,98.75
2002-01-27,1.42,12.82,66.04,1.66,98.85
2002-01-28,0.02,13.24,57.29,1.34,99.26
2002-01-29,0.0,14.52,34.61,0.8,99.5
2002-01-30,0.0,13.45,37.17,1.26,99.51
2002-01-31,0.0,13.21,31.34,1.45,99.52
2002-02-01,0.0,14.76,27.66,1.42,99.5
2002-02-02,0.0,14.49,30.24,2.11,99.38
2002-02-03,0.0,13.29,31.94,2.68,99.25
2002-02-04,0.0,14.3,25.66,1.74,99.16
2002-02-05,0.09,14.96,28.08,1.91,99.03
2002-02-06,0.15,15.91,39.09,2.08,98.8
2002-02-07,0.45,16.59,37.23,1.46,98.74
2002-02-08,3.47,14.49,46.52,1.82,98.99
2002-02-09,0.11,10.82,29.0,2.27,99.47
2002-02-10,0.03,13.01,27.31,1.36,99.33
2002-02-11,22.63,10.54,88.85,1.92,99.11
2002-02-12,0.01,12.77,73.06,0.96,99.52
2002-02-13,0.04,14.59,59.3,2.13,99.54
2002-02-14,0.0,14.65,42.54,2.2,99.43
2002-02-15,0.0,16.03,37.99,1.94,99.29
2002-02-16,0.0,18.18,33.19,1.13,99.11
2002-02-17,0.0,18.91,36.67,1.35,99.2
2002-02-18,0.0,20.62,35.04,1.17,99.44
2002-02-19,0.19,19.75,38.71,1.97,99.42
2002-02-20,0.0,19.77,34.22,1.55,99.25
2002-02-21,0.0,21.49,27.85,1.25,99.28
2002-02-22,0.48,21.71,37.36,1.83,99.24
2002-02-23,0.33,21.42,47.73,2.43,99.24
2002-02-24,2.37,20.23,56.42,1.31,99.06
2002-02-25,0.32,19.02,54.16,2.05,99.21
2002-02-26,0.0,19.0,39.64,2.25,99.28
2002-02-27,0.0,19.69,35.23,2.37,98.98
2002-02-28,0.03,20.62,37.18,1.63,98.84
2002-03-01,0.3,21.56,37.66,1.99,98.71
2002-03-02,2.15,17.05,62.25,1.65,98.72
2002-03-03,0.0,17.87,56.71,2.39,98.96
2002-03-04,0.0,18.7,36.18,2.71,98.84
2002-03-05,0.0,18.95,31.38,2.21,98.88
2002-03-06,0.0,19.43,29.51,1.86,98.88
2002-03-07,0.0,19.98,22.56,0.97,98.85
2002-03-08,0.0,20.81,26.76,1.98,98.77
2002-03-09,0.06,21.49,32.16,2.68,98.85
2002-03-10,0.01,22.5,35.27,2.03,99.0
2002-03-11,0.04,21.72,28.55,3.19,99.09
2002-03-12,0.0,22.11,31.51,2.45,98.99
2002-03-13,0.0,24.22,29.46,1.39,99.05
2002-03-14,0.0,22.89,26.04,1.86,98.97
2002-03-15,0.0,22.73,23.39,2.3,98.77
2002-03-16,0.0,23.22,20.59,2.35,98.64
2002-03-17,0.0,24.72,18.46,2.08,98.67
2002-03-18,0.0,25.67,18.79,2.33,98.9
2002-03-19,0.0,27.23,17.38,1.99,98.87
2002-03-20,0.0,27.34,19.76,1.33,98.76
2002-03-21,0.0,27.95,21.32,1.74,98.49
2002-03-22,0.0,27.33,32.1,1.51,98.36
2002-03-23,0.0,27.52,26.73,1.94,98.16
2002-03-24,0.0,28.89,22.8,1.69,97.9
2002-03-25,1.23,27.79,22.54,1.95,97.82
2002-03-26,0.0,27.03,24.82,1.41,98.18
2002-03-27,0.0,26.9,19.16,1.71,98.39
2002-03-28,0.0,26.63,14.99,1.95,98.46
2002-03-29,0.0,27.13,15.14,2.23,98.53
2002-03-30,0.0,28.42,12.45,2.25,98.45
2002-03-31,0.01,30.64,12.66,1.0,98.42
2002-04-01,0.17,30.53,11.88,1.46,98.33
2002-04-02,0.01,29.27,14.33,1.23,98.32
2002-04-03,0.0,26.8,15.25,1.92,98.32
2002-04-04,0.0,28.86,8.28,1.54,98.26
2002-04-05,0.0,30.54,8.17,1.64,98.3
2002-04-06,0.0,30.54,10.97,1.74,98.35
2002-04-07,0.09,30.33,14.98,1.96,98.47
2002-04-08,0.04,30.54,22.29,2.1,98.48
2002-04-09,0.05,29.38,18.68,2.89,98.36
2002-04-10,0.0,28.91,15.62,2.46,98.15
2002-04-11,0.0,30.14,11.4,1.98,98.23
2002-04-12,0.0,30.79,9.95,1.39,98.46
2002-04-13,0.0,33.02,8.67,1.15,98.44
2002-04-14,0.0,33.19,10.65,1.88,98.19
2002-04-15,0.0,32.5,14.41,1.77,98.16
2002-04-16,0.0,32.88,15.55,2.41,98.12
2002-04-17,0.0,33.07,14.36,2.83,98.13
2002-04-18,0.0,32.78,14.15,3.14,98.06
2002-04-19,0.0,32.8,12.72,2.94,98.1
2002-04-20,0.0,33.92,11.69,1.98,98.2
2002-04-21,0.0,34.44,11.94,1.94,97.93
2002-04-22,0.0,35.14,13.34,2.47,97.74
2002-04-23,0.0,35.47,12.56,1.86,97.8
2002-04-24,0.07,34.61,14.14,1.95,97.79
2002-04-25,0.16,34.05,13.56,2.03,97.69
2002-04-26,5.25,30.08,20.38,3.57,98.03
2002-04-27,0.0,31.43,17.75,1.95,97.89
2002-04-28,0.0,32.39,13.94,2.03,97.6
2002-04-29,0.43,31.04,12.46,1.8,97.77
2002-04-30,0.0,31.57,10.12,2.29,97.82
2002-05-01,0.0,32.61,14.41,2.52,97.74
2002-05-02,0.0,33.94,13.51,1.74,97.82
2002-05-03,0.13,35.07,15.39,1.84,97.96
2002-05-04,0.0,35.66,12.63,3.3,97.81
2002-05-05,0.0,36.09,12.24,2.02,97.64
2002-05-06,0.0,37.4,11.44,1.99,97.55
2002-05-07,0.0,36.65,7.86,1.19,97.71
2002-05-08,0.03,36.77,8.94,3.69,97.72
2002-05-09,0.0,37.93,11.66,5.14,97.83
2002-05-10,0.0,38.04,15.3,4.8,97.67
2002-05-11,0.0,37.97,10.43,4.25,97.27
2002-05-12,0.0,37.9,10.25,2.5,97.29
2002-05-13,0.0,38.57,17.94,1.46,97.51
2002-05-14,0.0,39.69,19.16,2.31,97.6
2002-05-15,0.1,39.42,18.01,2.38,97.67
2002-05-16,0.0,38.61,17.62,2.65,97.51
2002-05-17,0.0,38.22,12.26,2.5,97.28
2002-05-18,0.0,37.39,8.04,2.82,96.96
2002-05-19,0.0,37.43,9.73,4.59,96.72
2002-05-20,0.5,36.14,13.9,2.97,96.88
2002-05-21,0.0,35.22,4.19,3.19,97.3
2002-05-22,0.0,36.47,5.13,3.37,97.55
2002-05-23,0.0,38.06,12.28,3.52,97.65
2002-05-24,0.0,39.33,14.45,3.17,97.67
2002-05-25,13.95,35.85,26.63,1.89,97.72
2002-05-26,24.99,33.59,42.12,1.53,97.66
2002-05-27,1.24,35.13,36.02,2.93,97.42
2002-05-28,44.46,31.15,55.09,1.25,97.73
2002-05-29,0.03,32.11,43.48,1.4,97.97
2002-05-30,11.15,32.73,44.39,0.97,98.0
2002-05-31,0.03,34.0,36.2,1.24,97.98
2002-06-01,0.88,34.73,29.9,1.39,97.82
2002-06-02,0.06,34.95,29.93,1.23,97.77
2002-06-03,0.01,35.17,31.83,1.86,97.66
2002-06-04,0.01,35.37,32.98,2.03,97.54
2002-06-05,3.94,36.1,31.71,2.81,97.47
2002-06-06,0.73,36.01,34.93,2.13,97.36
2002-06-07,0.0,36.22,33.06,1.43,97.37
2002-06-08,0.0,36.23,33.93,2.89,97.22
2002-06-09,0.13,36.61,31.24,1.67,97.32
2002-06-10,0.1,37.15,27.16,2.19,97.46
2002-06-11,1.12,36.02,30.16,1.67,97.53
2002-06-12,0.49,35.84,35.99,2.06,97.43
2002-06-13,0.13,37.11,30.69,1.98,97.23
2002-06-14,0.02,37.54,25.21,2.12,97.15
2002-06-15,1.38,37.19,28.39,2.25,97.18
2002-06-16,0.49,37.24,29.83,1.61,97.38
2002-06-17,0.83,36.55,35.01,1.34,97.53
2002-06-18,0.01,36.77,33.36,2.57,97.36
2002-06-19,0.27,36.08,36.77,3.08,97.3
2002-06-20,1.21,36.31,38.44,2.43,97.18
2002-06-21,1.88,37.18,34.25,2.92,97.04
2002-06-22,0.0,38.03,28.59,2.45,97.02
2002-06-23,0.17,37.85,28.42,1.71,97.26
2002-06-24,23.75,36.42,44.37,2.52,97.5
2002-06-25,4.72,34.11,54.6,2.62,97.62
2002-06-26,0.39,34.08,50.53,3.39,97.7
2002-06-27,0.48,33.05,53.16,3.76,97.81
2002-06-28,0.33,34.59,48.23,2.1,97.78
2002-06-29,0.8,35.53,47.18,1.23,97.62
2002-06-30,0.59,36.37,46.3,1.38,97.33
2002-07-01,0.12,38.09,33.25,2.56,97.16
2002-07-02,0.27,38.41,32.02,3.61,97.23
2002-07-03,0.35,38.17,34.12,2.86,97.19
2002-07-04,0.98,38.26,32.01,2.42,97.21
2002-07-05,0.11,37.35,36.55,2.34,97.37
2002-07-06,0.62,36.98,37.2,2.88,97.37
2002-07-07,0.0,37.01,31.85,4.18,97.23
2002-07-08,0.0,36.99,29.64,4.06,97.23
2002-07-09,0.0,37.02,30.81,4.2,97.32
2002-07-10,0.8,37.52,28.51,4.24,97.28
2002-07-11,0.43,36.86,27.19,3.83,97.18
2002-07-12,0.06,37.68,24.21,3.18,97.25
2002-07-13,0.07,37.84,21.86,3.52,97.35
2002-07-14,0.07,37.86,23.94,3.75,97.38
2002-07-15,0.02,38.85,24.17,3.96,97.37
2002-07-16,0.07,38.92,23.58,3.16,97.39
2002-07-17,0.48,39.21,23.19,1.95,97.44
2002-07-18,0.22,38.27,32.85,2.72,97.59
2002-07-19,2.25,38.91,33.44,1.39,97.5
2002-07-20,3.29,39.85,27.28,2.95,97.24
2002-07-21,0.56,37.48,34.02,4.16,97.12
2002-07-22,0.16,37.43,32.61,3.59,97.16
2002-07-23,0.01,36.64,33.06,4.02,97.4
2002-07-24,0.24,36.94,31.47,4.4,97.41
2002-07-25,0.0,37.65,27.77,3.96,97.4
2002-07-26,0.01,36.76,28.1,3.73,97.34
2002-07-27,0.34,37.47,28.6,2.6,97.35
2002-07-28,0.03,37.92,28.34,2.45,97.49
2002-07-29,0.02,38.81,25.64,3.2,97.34
2002-07-30,0.01,38.63,25.0,2.03,97.32
2002-07-31,1.23,38.12,27.22,1.02,97.44
2002-08-01,1.09,37.46,35.17,2.01,97.54
2002-08-02,1.62,38.05,34.74,2.23,97.49
2002-08-03,1.09,36.84,37.76,2.69,97.43
2002-08-04,1.31,33.49,48.93,2.52,97.58
2002-08-05,0.31,34.33,45.34,1.32,97.48
2002-08-06,0.96,33.73,46.38,1.76,97.47
2002-08-07,0.15,35.88,41.63,1.35,97.44
2002-08-08,0.82,36.42,41.38,0.96,97.37
2002-08-09,1.32,36.81,41.78,0.9,97.25
2002-08-10,9.93,35.66,48.14,1.62,97.18
2002-08-11,23.05,32.06,63.16,2.82,97.22
2002-08-12,46.93,28.47,83.71,1.49,97.4
2002-08-13,19.96,27.9,83.7,0.99,97.39
2002-08-14,5.25,28.21,81.77,1.88,97.54
2002-08-15,1.27,29.74,69.46,0.61,97.53
2002-08-16,0.01,32.11,59.28,1.29,97.34
2002-08-17,0.0,32.45,53.52,1.33,97.29
2002-08-18,2.58,31.83,55.2,1.4,97.49
2002-08-19,0.08,31.12,62.69,2.19,97.57
2002-08-20,2.16,32.43,55.59,1.79,97.43
2002-08-21,4.07,30.99,66.13,2.71,97.68
2002-08-22,1.75,29.57,71.19,2.32,98.07
2002-08-23,0.43,30.73,64.31,1.53,98.13
2002-08-24,4.93,29.62,71.1,3.01,98.28
2002-08-25,0.81,29.93,69.91,3.51,98.15
2002-08-26,0.4,29.08,71.11,2.37,98.18
2002-08-27,4.37,29.18,71.16,2.9,98.06
2002-08-28,0.27,31.7,57.07,2.3,98.04
2002-08-29,10.56,29.44,73.63,1.35,98.19
2002-08-30,1.68,29.16,74.65,1.28,98.19
2002-08-31,0.54,31.32,60.8,1.36,98.09
2002-09-01,0.87,31.02,62.73,2.08,98.14
2002-09-02,1.28,30.64,64.93,1.97,98.21
2002-09-03,5.65,30.32,66.79,1.65,98.09
2002-09-04,6.37,29.39,71.43,1.96,97.93
2002-09-05,8.52,28.15,77.51,2.55,97.99
2002-09-06,12.29,26.38,81.21,2.12,98.03
2002-09-07,4.01,26.74,78.13,2.09,97.93
2002-09-08,1.91,27.49,75.67,1.57,97.99
2002-09-09,0.24,28.51,68.97,1.29,97.95
2002-09-10,1.42,28.78,66.39,1.43,97.98
2002-09-11,21.18,27.43,74.74,1.41,98.14
2002-09-12,55.47,25.45,86.77,2.09,98.23
2002-09-13,55.5,24.89,89.98,2.44,98.26
2002-09-14,3.93,27.23,82.0,1.11,98.27
2002-09-15,7.3,26.99,71.6,1.17,98.3
2002-09-16,0.5,26.59,74.82,1.21,98.21
2002-09-17,0.35,27.04,72.29,1.0,98.15
2002-09-18,5.13,27.18,73.55,0.82,98.38
2002-09-19,0.0,28.18,69.02,1.2,98.58
2002-09-20,0.0,26.98,71.66,1.61,98.61
2002-09-21,0.0,26.07,71.16,1.35,98.42
2002-09-22,0.4,26.73,75.54,1.24,98.33
2002-09-23,0.03,27.34,74.24,0.93,98.25
2002-09-24,0.0,27.4,72.06,1.07,98.06
2002-09-25,0.0,26.98,69.16,1.16,98.24
2002-09-26,0.0,26.95,62.13,1.81,98.34
2002-09-27,0.0,25.75,60.87,1.51,98.4
2002-09-28,0.0,26.82,58.03,1.03,98.47
2002-09-29,0.0,27.13,54.36,1.5,98.51
2002-09-30,0.0,26.03,53.06,1.68,98.49
2002-10-01,0.0,26.07,46.72,1.7,98.56
2002-10-02,0.0,26.42,47.08,1.75,98.57
2002-10-03,0.0,27.22,41.81,1.65,98.43
2002-10-04,0.0,26.92,42.09,1.03,98.5
2002-10-05,0.0,26.17,48.82,1.18,98.56
2002-10-06,0.0,25.64,53.24,1.4,98.74
2002-10-07,0.0,26.33,54.86,1.19,98.76
2002-10-08,0.0,26.93,57.06,1.37,98.8
2002-10-09,0.0,26.43,61.78,1.37,98.87
2002-10-10,0.01,26.46,63.71,1.55,98.92
2002-10-11,0.1,25.86,65.63,1.16,98.66
2002-10-12,1.05,26.0,64.46,1.89,98.38
2002-10-13,0.93,25.51,68.53,1.79,98.55
2002-10-14,0.0,25.16,64.47,1.37,98.64
2002-10-15,0.0,26.14,58.62,1.23,98.7
2002-10-16,0.0,26.36,55.96,0.93,98.66
2002-10-17,0.0,26.77,51.4,0.98,98.48
2002-10-18,0.0,25.53,58.11,1.19,98.33
2002-10-19,0.0,26.53,46.4,1.03,98.33
2002-10-20,0.0,26.23,43.47,1.09,98.48
2002-10-21,0.0,26.39,42.72,1.24,98.57
2002-10-22,0.0,26.08,39.39,1.08,98.57
2002-10-23,0.0,24.15,39.52,1.48,98.68
2002-10-24,0.0,23.77,40.09,1.26,98.79
2002-10-25,0.0,23.67,41.73,1.73,98.9
2002-10-26,0.0,24.85,37.07,1.61,98.9
2002-10-27,0.0,24.44,35.8,1.44,98.7
2002-10-28,0.0,24.53,35.01,1.59,98.45
2002-10-29,0.0,25.53,32.0,0.91,98.51
2002-10-30,0.0,24.66,35.25,1.4,98.7
2002-10-31,0.0,24.39,38.3,1.23,98.85
2002-11-01,0.0,24.19,34.61,1.13,98.92
2002-11-02,0.0,24.34,34.82,1.14,99.0
2002-11-03,0.0,24.11,37.14,1.03,99.09
2002-11-04,0.0,24.05,35.86,0.89,99.12
2002-11-05,0.0,23.84,33.62,0.84,99.0
2002-11-06,0.0,22.5,40.45,1.45,99.02
2002-11-07,0.0,22.12,41.06,1.24,99.24
2002-11-08,0.0,23.43,33.33,0.58,99.18
2002-11-09,0.0,22.47,40.6,1.01,99.15
2002-11-10,0.0,23.9,37.24,0.81,99.01
2002-11-11,0.0,22.84,38.73,0.91,98.87
2002-11-12,0.0,19.83,51.79,1.8,98.82
2002-11-13,0.0,20.61,47.6,2.2,98.88
2002-11-14,0.0,20.2,45.81,2.43,98.76
2002-11-15,0.0,20.49,41.94,1.63,98.9
2002-11-16,0.0,20.77,39.17,1.87,99.05
2002-11-17,0.0,21.08,35.34,1.78,99.01
2002-11-18,0.0,21.47,35.44,1.86,98.94
2002-11-19,0.0,21.6,33.88,1.82,98.83
2002-11-20,0.0,21.46,31.74,1.53,98.85
2002-11-21,0.0,21.86,27.27,0.89,99.1
2002-11-22,0.0,20.53,29.17,1.31,99.05
2002-11-23,0.0,18.45,31.59,2.1,98.93
2002-11-24,0.0,18.86,32.49,1.53,98.83
2002-11-25,0.0,19.36,30.74,2.01,98.71
2002-11-26,0.0,18.58,29.73,1.82,98.89
2002-11-27,0.0,17.82,30.47,1.58,99.08
2002-11-28,0.0,18.4,30.31,1.23,99.23
2002-11-29,0.0,16.85,33.82,2.16,99.2
2002-11-30,0.0,16.88,30.24,1.75,99.03
2002-12-01,0.0,16.42,33.09,1.88,99.08
2002-12-02,0.0,17.04,32.7,1.4,99.14
2002-12-03,0.0,18.03,32.25,0.73,99.18
2002-12-04,0.0,15.38,41.07,1.43,99.18
2002-12-05,0.0,16.41,40.73,0.95,99.14
2002-12-06,0.0,17.92,35.17,0.9,99.24
2002-12-07,0.0,18.07,35.6,0.93,99.3
2002-12-08,0.0,17.35,34.66,1.53,99.34
2002-12-09,0.0,15.64,29.43,2.44,99.36
2002-12-10,0.0,15.53,23.16,1.66,99.24
2002-12-11,0.0,17.34,21.4,1.13,99.4
2002-12-12,0.0,17.65,24.4,0.79,99.62
2002-12-13,0.0,16.67,25.43,1.61,99.64
2002-12-14,0.0,16.61,31.55,2.13,99.48
2002-12-15,0.0,18.59,40.02,1.99,99.25
2002-12-16,0.0,19.02,46.63,1.12,99.22
2002-12-17,0.0,18.57,48.29,1.45,99.04
2002-12-18,0.0,19.74,38.4,1.06,98.86
2002-12-19,0.0,18.81,42.4,1.41,98.75
2002-12-20,0.0,18.9,42.92,1.27,98.79
2002-12-21,0.0,17.71,36.1,2.51,98.86
2002-12-22,0.0,17.5,36.04,1.86,99.0
2002-12-23,0.01,16.59,37.62,1.28,99.09
2002-12-24,2.44,15.78,42.31,1.96,98.97
2002-12-25,0.26,16.64,42.75,0.75,99.13
2002-12-26,0.0,15.63,46.01,1.34,99.26
2002-12-27,0.0,14.46,51.16,2.68,99.18
2002-12-28,0.0,13.48,45.23,2.5,99.15
2002-12-29,0.0,14.61,40.43,1.34,99.19
2002-12-30,0.0,14.75,38.49,1.61,99.18
2002-12-31,25.22,10.05,80.66,1.56,99.03
2003-01-01,0.0,11.25,74.29,0.95,99.47
2003-01-02,0.0,12.56,63.92,1.22,99.62
2003-01-03,0.0,12.68,61.25,1.29,99.61
2003-01-04,0.0,11.51,49.05,2.82,99.48
2003-01-05,0.0,11.54,48.27,2.07,99.47
2003-01-06,0.0,12.96,43.34,1.01,99.53
2003-01-07,0.0,12.75,45.06,1.16,99.53
2003-01-08,0.0,11.49,41.86,2.07,99.44
2003-01-09,0.0,12.14,38.29,1.1,99.54
2003-01-10,0.0,11.23,40.31,1.87,99.64
2003-01-11,0.0,11.11,42.82,1.87,99.58
2003-01-12,0.0,10.8,38.2,1.62,99.59
2003-01-13,0.0,10.93,38.96,2.41,99.6
2003-01-14,0.0,10.91,42.49,2.16,99.6
2003-01-15,0.0,12.13,36.95,1.4,99.74
2003-01-16,0.0,12.62,36.09,1.69,99.59
2003-01-17,0.0,14.04,34.37,1.27,99.56
2003-01-18,0.0,15.77,30.08,0.81,99.65
2003-01-19,0.0,15.04,30.19,0.94,99.49
2003-01-20,0.0,13.62,34.22,1.44,99.34
2003-01-21,0.0,12.3,34.45,1.75,99.22
2003-01-22,0.0,13.3,34.67,2.36,99.01
2003-01-23,0.0,15.07,39.08,1.87,98.77
2003-01-24,0.0,16.86,34.84,1.67,98.61
2003-01-25,0.0,18.24,24.91,0.84,98.93
2003-01-26,0.0,19.63,26.73,1.04,99.2
2003-01-27,4.9,16.61,57.01,1.58,99.18
2003-01-28,3.93,14.47,80.07,1.61,99.2
2003-01-29,0.12,15.83,69.58,1.25,99.24
2003-01-30,2.71,15.39,60.55,2.14,99.07
2003-01-31,17.73,13.18,91.81,2.83,99.0
2003-02-01,0.45,14.71,82.12,1.84,99.33
2003-02-02,0.0,14.19,72.14,1.37,99.7
2003-02-03,0.0,14.27,62.42,1.34,99.53
2003-02-04,0.0,14.99,55.42,1.41,99.44
2003-02-05,0.0,15.28,52.25,1.77,99.4
2003-02-06,0.0,16.22,43.55,1.07,99.16
2003-02-07,0.0,16.65,40.43,1.2,98.85
2003-02-08,0.0,15.91,42.51,0.99,98.82
2003-02-09,0.0,15.78,39.66,1.09,98.87
2003-02-10,0.0,15.94,36.26,0.96,99.04
2003-02-11,0.0,15.41,36.94,1.32,99.13
2003-02-12,0.0,14.85,44.19,1.71,99.12
2003-02-13,0.0,15.54,41.23,2.31,98.95
2003-02-14,0.0,16.95,37.63,2.05,98.95
2003-02-15,0.0,19.74,30.15,1.09,99.04
2003-02-16,0.0,18.38,34.61,1.64,99.12
2003-02-17,1.02,16.92,50.34,3.33,98.96
2003-02-18,4.69,15.54,80.96,5.04,98.59
2003-02-19,6.27,16.58,65.21,2.84,98.51
2003-02-20,0.0,14.87,49.32,1.34,99.31
2003-02-21,0.0,16.44,46.78,3.27,99.27
2003-02-22,0.0,18.01,47.59,2.67,99.1
2003-02-23,0.0,20.8,43.03,0.93,99.05
2003-02-24,0.85,21.01,45.72,1.49,98.97
2003-02-25,0.0,20.47,48.59,2.33,98.79
2003-02-26,0.0,21.91,48.14,1.57,98.74
2003-02-27,0.0,22.86,44.76,1.17,98.8
2003-02-28,2.31,22.94,49.03,1.38,98.83
2003-03-01,0.96,24.02,46.32,2.43,98.57
2003-03-02,2.14,23.11,48.94,2.11,98.42
2003-03-03,0.11,18.19,32.55,2.96,98.7
2003-03-04,0.04,14.07,25.37,3.9,99.01
2003-03-05,0.0,15.68,28.91,3.71,98.85
2003-03-06,0.0,17.25,29.72,2.8,98.97
2003-03-07,0.0,18.11,31.56,2.76,98.95
2003-03-08,0.0,18.3,31.58,2.91,98.79
2003-03-09,0.0,20.28,30.08,1.28,98.81
2003-03-10,0.0,21.66,27.57,2.55,98.69
2003-03-11,0.0,20.12,33.14,1.29,98.61
2003-03-12,0.0,21.97,26.6,0.95,98.79
2003-03-13,0.0,22.28,27.77,1.02,99.09
2003-03-14,0.0,21.63,35.49,2.13,98.97
2003-03-15,0.0,22.5,37.46,1.25,98.67
2003-03-16,0.0,25.31,33.6,1.52,98.45
2003-03-17,0.0,24.01,29.58,1.1,98.8
2003-03-18,0.0,22.9,27.54,1.92,98.96
2003-03-19,0.21,22.99,29.62,2.5,98.83
2003-03-20,0.0,23.73,30.62,3.23,98.65
2003-03-21,0.0,25.32,30.13,2.34,98.59
2003-03-22,0.0,26.05,30.63,1.38,98.86
2003-03-23,0.0,26.96,31.43,1.45,98.85
2003-03-24,0.0,27.9,33.93,2.12,98.71
2003-03-25,0.05,27.88,33.5,1.54,98.66
2003-03-26,0.0,28.34,31.2,1.24,98.72
2003-03-27,0.0,26.98,28.73,1.49,98.73
2003-03-28,0.0,28.58,22.61,1.19,98.51
2003-03-29,1.09,27.93,27.84,2.0,98.29
2003-03-30,0.48,27.36,38.59,1.45,98.33
2003-03-31,0.0,28.41,27.22,3.93,98.44
2003-04-01,0.0,29.05,26.56,3.75,98.25
2003-04-02,0.0,28.5,23.35,3.02,98.06
2003-04-03,0.0,30.15,18.85,1.51,97.87
2003-04-04,1.27,29.41,24.04,2.37,98.01
2003-04-05,0.07,27.69,28.71,1.4,98.52
2003-04-06,0.0,27.21,16.12,2.28,98.73
2003-04-07,0.0,28.02,15.96,2.68,98.84
2003-04-08,0.0,28.44,15.22,2.43,98.55
2003-04-09,0.0,30.08,12.32,2.0,98.33
2003-04-10,0.0,31.79,11.9,1.5,98.33
2003-04-11,0.0,33.04,11.01,2.37,98.38
2003-04-12,0.0,32.54,14.08,3.53,98.22
2003-04-13,0.0,32.97,19.43,3.42,98.1
2003-04-14,0.0,32.64,18.51,1.88,98.26
2003-04-15,0.0,31.82,16.8,1.55,98.16
2003-04-16,0.0,32.45,25.39,2.06,98.32
2003-04-17,0.0,32.22,21.56,2.82,98.35
2003-04-18,0.0,32.71,15.34,2.3,98.11
2003-04-19,0.08,32.28,14.33,2.51,97.84
2003-04-20,0.17,30.09,20.43,1.82,98.11
2003-04-21,0.0,30.7,15.53,2.17,98.29
2003-04-22,0.0,30.91,13.06,2.89,98.31
2003-04-23,0.0,32.31,12.82,2.81,98.26
2003-04-24,0.0,33.83,10.94,1.49,98.14
2003-04-25,0.0,33.76,9.37,1.57,98.01
2003-04-26,0.03,33.91,13.5,2.09,97.84
2003-04-27,0.97,33.19,18.87,2.39,97.92
2003-04-28,0.16,32.52,22.56,1.94,98.11
2003-04-29,0.0,32.54,22.21,1.9,98.37
2003-04-30,0.0,32.94,25.97,2.16,98.37
2003-05-01,0.0,33.47,27.13,2.68,97.91
2003-05-02,0.0,34.05,17.54,3.26,97.43
2003-05-03,0.0,30.68,11.37,3.11,97.49
2003-05-04,0.0,28.17,6.39,2.09,97.88
2003-05-05,0.0,29.72,7.31,1.57,97.91
2003-05-06,0.0,30.33,7.71,1.29,97.95
2003-05-07,0.0,31.23,8.5,1.68,98.03
2003-05-08,0.0,31.91,7.67,2.19,98.2
2003-05-09,0.0,32.9,7.65,1.86,98.27
2003-05-10,0.0,35.23,7.3,0.98,98.26
2003-05-11,0.0,35.32,9.23,1.46,98.0
2003-05-12,0.0,35.92,9.54,1.37,97.81
2003-05-13,0.34,34.86,13.21,2.64,97.87
2003-05-14,0.07,35.23,14.43,1.61,97.84
2003-05-15,0.03,34.24,12.24,3.07,97.82
2003-05-16,0.0,34.15,9.2,3.48,97.75
2003-05-17,0.0,35.22,9.98,2.35,97.57
2003-05-18,0.01,36.11,11.47,2.02,97.48
2003-05-19,0.0,36.92,10.48,2.39,97.51
2003-05-20,0.0,36.96,14.21,2.49,97.7
2003-05-21,0.0,37.87,17.43,3.69,97.7
2003-05-22,4.47,36.81,24.01,2.55,97.69
2003-05-23,0.83,35.67,29.48,2.3,97.87
2003-05-24,0.02,34.62,27.41,2.27,97.99
2003-05-25,1.7,33.86,27.36,2.83,98.01
2003-05-26,0.1,34.71,26.66,3.15,97.92
2003-05-27,0.02,34.97,19.9,3.96,97.66
2003-05-28,0.0,34.65,16.41,3.46,97.66
2003-05-29,0.0,34.77,8.51,3.31,97.85
2003-05-30,0.0,36.34,12.2,3.75,97.83
2003-05-31,0.0,36.74,13.19,2.79,97.81
2003-06-01,0.0,37.84,17.71,3.29,97.65
2003-06-02,0.0,38.73,13.84,3.1,97.51
2003-06-03,0.0,38.9,13.0,3.11,97.37
2003-06-04,0.0,40.28,14.86,3.87,97.22
2003-06-05,0.07,39.57,17.05,2.71,97.08
2003-06-06,2.04,39.28,20.19,4.26,97.0
2003-06-07,0.0,38.77,20.37,3.47,97.08
2003-06-08,0.0,39.12,21.7,1.29,97.28
2003-06-09,0.0,39.31,23.6,2.38,97.29
2003-06-10,0.01,37.77,19.17,3.54,97.24
2003-06-11,0.88,37.78,21.0,2.51,97.24
2003-06-12,0.06,38.14,22.0,2.63,97.33
2003-06-13,0.04,38.64,19.6,2.85,97.35
2003-06-14,0.0,39.44,12.53,1.14,97.4
2003-06-15,0.0,38.78,12.61,1.4,97.25
2003-06-16,0.0,39.57,14.03,2.11,97.14
2003-06-17,0.83,38.75,16.22,1.52,97.31
2003-06-18,4.77,36.34,26.24,1.52,97.5
2003-06-19,47.44,33.3,42.83,0.72,97.38
2003-06-20,11.67,32.19,54.63,1.49,97.21
2003-06-21,2.77,34.45,49.42,1.01,97.07
2003-06-22,0.85,35.51,45.15,1.57,97.15
2003-06-23,0.71,35.37,46.29,1.86,97.29
2003-06-24,25.68,33.46,58.93,1.74,97.36
2003-06-25,9.83,31.9,63.83,1.43,97.4
2003-06-26,0.33,34.2,53.84,1.55,97.26
2003-06-27,5.96,31.22,63.83,2.0,97.36
2003-06-28,2.11,33.75,55.98,1.91,97.24
2003-06-29,4.8,34.43,53.46,2.0,97.1
2003-06-30,1.43,34.18,52.71,2.49,97.1
2003-07-01,0.18,35.46,46.05,1.26,97.37
2003-07-02,0.06,35.69,45.69,1.05,97.72
2003-07-03,0.09,35.25,49.67,1.15,97.71
2003-07-04,24.68,34.35,55.26,1.86,97.44
2003-07-05,46.22,29.68,78.55,3.23,97.8
2003-07-06,22.74,30.21,77.41,1.73,97.87
2003-07-07,8.33,30.71,70.91,1.67,97.65
2003-07-08,6.81,29.69,77.28,1.25,97.47
2003-07-09,41.45,30.42,78.22,1.06,97.43
2003-07-10,134.04,27.73,89.79,2.1,97.52
2003-07-11,29.38,26.79,92.32,4.21,97.17
2003-07-12,4.03,27.88,86.29,2.44,97.26
2003-07-13,6.14,28.58,85.54,2.0,97.49
2003-07-14,0.81,29.03,85.09,2.01,97.53
2003-07-15,1.18,29.23,84.5,3.04,97.71
2003-07-16,1.84,28.84,84.13,2.82,97.87
2003-07-17,23.6,29.07,84.54,2.59,97.96
2003-07-18,16.14,29.91,82.9,1.74,97.99
2003-07-19,0.44,29.74,83.81,1.37,97.6
2003-07-20,39.35,29.53,82.55,1.04,97.56
2003-07-21,23.47,28.91,86.91,0.95,97.7
2003-07-22,9.7,28.42,86.06,1.08,97.62
2003-07-23,5.16,28.25,83.24,0.88,97.5
2003-07-24,1.25,29.89,79.06,1.05,97.32
2003-07-25,1.08,30.93,76.02,0.72,97.26
2003-07-26,3.6,30.16,83.15,1.14,97.47
2003-07-27,16.56,29.82,83.65,2.2,97.64
2003-07-28,0.29,28.79,86.48,3.96,97.78
2003-07-29,8.79,28.57,86.04,1.84,97.84
2003-07-30,11.08,28.03,86.75,3.79,97.54
2003-07-31,5.4,28.64,84.54,2.77,97.56
2003-08-01,11.2,28.64,82.74,0.88,97.78
2003-08-02,10.49,29.3,80.04,0.59,97.75
2003-08-03,13.69,26.97,92.23,2.51,97.83
2003-08-04,1.47,28.22,86.23,1.86,97.88
2003-08-05,6.59,29.64,79.5,0.65,97.85
2003-08-06,7.28,30.04,80.0,0.44,97.74
2003-08-07,1.48,30.23,80.58,0.8,97.7
2003-08-08,1.37,31.12,75.02,0.85,97.66
2003-08-09,4.24,31.19,74.74,0.62,97.52
2003-08-10,5.71,27.68,91.13,1.68,97.63
2003-08-11,16.88,28.41,84.34,1.55,97.8
2003-08-12,3.13,29.02,81.58,1.55,97.81
2003-08-13,17.32,29.33,80.62,1.34,97.71
2003-08-14,29.73,28.59,80.97,0.68,97.71
2003-08-15,8.31,27.2,88.64,1.69,97.75
2003-08-16,11.89,28.91,85.62,1.22,97.83
2003-08-17,2.99,29.36,83.99,1.16,97.78
2003-08-18,7.12,29.12,82.69,1.81,97.65
2003-08-19,3.62,28.4,82.0,1.75,97.5
2003-08-20,0.05,28.94,78.49,0.92,97.47
2003-08-21,0.36,29.8,75.24,0.58,97.66
2003-08-22,0.0,30.2,75.65,0.9,97.84
2003-08-23,0.83,28.8,86.14,1.44,97.95
2003-08-24,0.32,28.29,87.24,3.48,97.76
2003-08-25,2.83,28.4,85.84,2.27,97.64
2003-08-26,1.98,28.5,86.85,1.98,97.61
2003-08-27,1.87,28.81,85.1,1.95,97.75
2003-08-28,1.74,28.88,80.8,1.07,97.85
2003-08-29,6.33,28.59,82.33,0.83,97.93
2003-08-30,7.62,29.86,79.0,0.99,97.86
2003-08-31,3.07,29.58,80.19,1.22,97.72
2003-09-01,7.21,28.88,81.92,1.82,97.66
2003-09-02,2.94,29.5,78.09,1.46,97.68
2003-09-03,5.08,28.9,80.82,1.16,97.83
2003-09-04,6.56,28.76,81.84,1.02,97.86
2003-09-05,10.23,28.35,81.58,1.05,97.88
2003-09-06,10.43,27.91,86.18,1.47,97.92
2003-09-07,10.83,27.24,85.56,1.43,97.94
2003-09-08,1.07,28.14,81.09,1.02,97.86
2003-09-09,0.79,28.56,75.18,1.17,97.9
2003-09-10,2.15,27.18,80.53,0.84,97.91
2003-09-11,13.09,26.84,84.29,1.46,97.88
2003-09-12,2.14,26.49,83.1,0.92,97.84
2003-09-13,0.15,28.46,75.59,0.83,97.97
2003-09-14,6.92,28.68,75.89,0.57,98.01
2003-09-15,10.72,28.04,81.39,0.59,98.05
2003-09-16,3.15,27.44,83.04,1.04,98.07
2003-09-17,2.25,26.85,86.51,1.6,98.11
2003-09-18,3.61,27.49,84.21,1.22,98.28
2003-09-19,0.01,28.37,79.55,0.97,98.3
2003-09-20,0.0,28.92,76.35,0.83,98.24
2003-09-21,5.97,28.85,76.64,0.75,98.27
2003-09-22,2.79,28.7,78.11,0.93,98.18
2003-09-23,3.78,27.51,84.61,1.56,98.17
2003-09-24,7.39,26.47,86.67,1.63,98.25
2003-09-25,2.95,25.44,87.23,1.98,98.52
2003-09-26,0.02,25.68,79.78,1.35,98.54
2003-09-27,0.0,26.51,70.56,1.0,98.31
2003-09-28,0.01,26.82,63.3,0.78,98.2
2003-09-29,0.56,26.13,67.49,1.02,98.29
2003-09-30,0.06,26.88,61.95,1.13,98.34
2003-10-01,0.0,25.13,62.91,1.48,98.39
2003-10-02,0.0,23.12,57.42,1.56,98.5
2003-10-03,0.0,24.32,55.09,1.42,98.65
2003-10-04,0.0,25.82,46.66,0.8,98.65
2003-10-05,0.0,24.1,60.04,1.02,98.61
2003-10-06,0.0,23.41,71.78,1.32,98.64
2003-10-07,0.0,24.75,61.98,0.78,98.62
2003-10-08,0.0,25.85,60.31,0.87,98.44
2003-10-09,0.0,25.78,61.6,1.44,98.22
2003-10-10,0.0,25.0,60.59,1.32,98.11
2003-10-11,0.0,23.99,59.68,1.19,98.3
2003-10-12,0.0,23.82,49.83,1.59,98.55
2003-10-13,0.0,21.9,56.39,1.91,98.8
2003-10-14,0.0,21.88,55.92,2.17,98.82
2003-10-15,0.0,22.51,52.05,1.41,98.88
2003-10-16,5.04,22.46,58.21,1.42,98.96
2003-10-17,0.0,23.89,58.59,1.06,98.89
2003-10-18,0.0,24.67,55.27,1.0,98.79
2003-10-19,0.0,23.93,49.99,1.1,98.79
2003-10-20,0.0,23.19,50.82,1.63,98.78
2003-10-21,0.0,23.5,48.31,1.19,98.68
2003-10-22,6.53,22.99,48.12,0.94,98.83
2003-10-23,0.0,23.21,53.26,0.88,98.9
2003-10-24,0.2,22.42,60.28,1.14,98.72
2003-10-25,0.0,22.8,62.29,1.09,98.73
2003-10-26,0.0,23.1,63.58,1.08,98.81
2003-10-27,0.0,22.6,58.61,1.19,98.96
2003-10-28,0.0,22.71,59.05,0.92,99.3
2003-10-29,0.0,23.83,53.3,0.97,99.25
2003-10-30,0.0,23.15,50.11,1.01,99.0
2003-10-31,0.0,22.57,45.03,1.12,98.77
2003-11-01,0.0,22.36,41.32,1.11,98.8
2003-11-02,0.0,22.22,37.42,1.16,99.05
2003-11-03,0.0,21.13,40.46,1.44,99.1
2003-11-04,0.0,22.08,38.66,1.19,98.96
2003-11-05,0.0,21.17,51.46,1.51,98.83
2003-11-06,0.0,22.96,45.56,1.17,98.69
2003-11-07,0.0,22.56,44.76,1.21,98.6
2003-11-08,0.0,20.99,53.69,1.18,98.78
2003-11-09,0.0,21.07,47.65,1.42,98.87
2003-11-10,0.0,18.24,39.87,2.27,98.89
2003-11-11,0.0,19.15,38.17,1.19,99.03
2003-11-12,0.0,18.68,49.82,1.05,99.19
2003-11-13,0.0,18.48,53.5,0.9,99.25
2003-11-14,0.0,17.1,62.34,1.17,99.34
2003-11-15,0.0,19.6,53.16,0.84,99.23
2003-11-16,0.06,20.13,51.8,1.08,98.91
2003-11-17,0.57,19.02,66.1,1.76,98.84
2003-11-18,0.12,20.08,65.97,1.24,98.95
2003-11-19,0.0,18.4,49.15,1.67,99.11
2003-11-20,0.0,16.41,42.24,2.44,99.18
2003-11-21,0.0,15.79,40.77,2.64,99.18
2003-11-22,0.0,17.48,35.42,1.29,99.27
2003-11-23,0.0,17.56,34.94,1.24,99.28
2003-11-24,0.0,16.92,41.99,1.15,99.5
2003-11-25,0.0,16.14,38.15,2.45,99.34
2003-11-26,0.0,16.59,32.41,1.6,99.08
2003-11-27,0.0,16.93,34.46,0.93,99.05
2003-11-28,0.0,16.26,36.5,1.1,99.04
2003-11-29,0.0,15.85,41.12,0.78,99.3
2003-11-30,0.0,15.22,38.57,1.46,99.28
2003-12-01,0.0,15.89,34.38,1.57,99.22
2003-12-02,0.0,16.78,31.72,1.3,99.16
2003-12-03,0.0,16.24,36.54,1.89,98.94
2003-12-04,0.0,17.63,39.18,1.44,98.98
2003-12-05,0.0,17.92,42.49,1.45,99.13
2003-12-06,0.0,16.66,41.87,2.94,99.08
2003-12-07,0.0,17.04,38.12,2.45,99.06
2003-12-08,0.0,16.85,47.7,1.47,99.14
2003-12-09,0.01,16.63,65.28,2.72,99.03
2003-12-10,0.0,16.4,68.5,2.06,99.11
2003-12-11,0.0,16.39,71.9,1.54,99.2
2003-12-12,0.81,17.51,70.01,2.42,99.23
2003-12-13,1.1,18.55,67.67,2.61,99.23
2003-12-14,0.37,18.72,67.92,1.72,99.18
2003-12-15,11.54,18.38,67.82,1.89,99.01
2003-12-16,5.14,16.84,72.78,1.12,99.02
2003-12-17,0.0,14.85,62.17,1.54,99.19
2003-12-18,0.0,14.26,57.65,1.26,99.3
2003-12-19,0.0,14.61,50.81,1.08,99.51
2003-12-20,0.0,14.42,54.54,1.19,99.6
2003-12-21,0.0,14.05,61.23,1.48,99.59
2003-12-22,0.0,14.58,50.61,0.92,99.54
2003-12-23,0.0,13.6,55.34,0.98,99.49
2003-12-24,0.0,13.48,53.05,1.4,99.48
2003-12-25,0.0,13.22,47.31,1.06,99.39
2003-12-26,0.14,13.24,45.84,0.99,99.28
2003-12-27,3.97,10.54,73.5,1.23,99.42
2003-12-28,0.0,10.29,72.98,1.46,99.68
2003-12-29,0.0,12.05,45.08,1.72,99.72
2003-12-30,0.0,14.51,34.2,0.77,99.71
2003-12-31,0.0,13.77,38.64,0.88,99.47
2004-01-01,0.0,12.02,50.64,1.09,99.32
2004-01-02,0.0,13.14,49.68,0.89,99.4
2004-01-03,0.0,12.09,49.39,1.38,99.48
2004-01-04,0.0,10.86,47.7,1.55,99.56
2004-01-05,0.0,11.68,45.26,0.93,99.59
2004-01-06,0.0,12.39,42.4,1.12,99.62
2004-01-07,0.0,12.29,51.94,1.91,99.53
2004-01-08,0.0,11.99,46.19,2.36,99.64
2004-01-09,0.0,13.46,42.82,2.77,99.49
2004-01-10,0.0,15.56,43.3,1.1,99.5
2004-01-11,0.0,16.95,45.1,1.21,99.37
2004-01-12,0.0,15.74,50.36,1.29,99.19
2004-01-13,0.0,16.26,54.04,1.11,99.01
2004-01-14,0.0,16.32,49.16,1.79,98.81
2004-01-15,0.0,16.57,44.14,1.56,98.96
2004-01-16,0.0,13.49,63.79,1.15,99.18
2004-01-17,0.0,15.4,63.63,2.8,98.82
2004-01-18,0.25,13.46,71.44,1.43,98.95
2004-01-19,0.0,12.87,59.83,1.43,98.96
2004-01-20,0.03,13.96,52.21,1.17,98.99
2004-01-21,5.61,12.53,76.42,3.21,98.89
2004-01-22,5.32,12.62,85.09,2.3,98.89
2004-01-23,1.93,13.77,84.27,1.35,98.92
2004-01-24,0.01,12.56,63.07,2.17,99.18
2004-01-25,0.0,12.2,55.5,1.68,99.15
2004-01-26,0.0,12.39,51.3,1.68,99.2
2004-01-27,0.0,12.22,49.85,1.51,99.24
2004-01-28,0.0,11.88,52.28,1.28,99.09
2004-01-29,0.0,12.86,51.06,1.79,99.0
2004-01-30,3.93,12.4,64.45,3.07,98.87
2004-01-31,3.05,11.76,79.83,1.7,98.95
2004-02-01,0.22,11.13,70.64,1.96,99.22
2004-02-02,0.0,11.91,48.91,2.85,99.25
2004-02-03,0.0,12.0,41.82,3.07,99.1
2004-02-04,0.0,12.9,39.21,2.16,98.89
2004-02-05,0.0,13.52,38.63,1.45,99.0
2004-02-06,0.0,13.39,39.78,2.4,99.16
2004-02-07,0.0,13.71,37.95,2.41,99.38
2004-02-08,0.0,14.82,36.6,1.05,99.43
2004-02-09,0.0,15.5,42.0,2.39,99.12
2004-02-10,0.07,16.0,50.79,1.17,99.28
2004-02-11,0.0,16.64,52.67,1.45,99.42
2004-02-12,0.0,17.38,48.7,1.56,99.45
2004-02-13,0.0,17.45,40.87,1.35,99.42
2004-02-14,0.0,16.52,39.51,2.08,99.23
2004-02-15,0.0,16.83,40.68,2.24,99.0
2004-02-16,0.0,17.66,40.95,1.43,99.11
2004-02-17,0.0,18.92,38.24,1.34,98.96
2004-02-18,0.0,19.01,44.68,2.23,98.56
2004-02-19,0.0,18.75,47.02,1.26,98.7
2004-02-20,0.0,18.52,36.33,2.31,98.93
2004-02-21,0.0,18.82,35.35,2.04,99.09
2004-02-22,0.0,20.72,35.26,3.33,98.92
2004-02-23,0.0,19.96,33.56,2.98,98.78
2004-02-24,0.0,20.49,28.81,2.81,98.93
2004-02-25,0.0,21.69,28.42,2.17,98.88
2004-02-26,0.0,22.54,29.19,1.47,98.69
2004-02-27,0.0,22.68,31.51,1.81,98.51
2004-02-28,0.0,24.57,27.12,0.77,98.51
2004-02-29,0.0,21.34,31.61,2.33,98.75
2004-03-01,0.0,20.41,27.19,3.15,98.78
2004-03-02,0.0,20.48,24.9,3.25,98.73
2004-03-03,0.0,20.77,24.85,3.08,98.67
2004-03-04,0.0,20.39,24.43,2.35,98.76
2004-03-05,0.0,21.25,25.43,2.34,98.68
2004-03-06,0.0,21.55,27.74,2.47,98.69
2004-03-07,0.0,22.63,22.2,2.62,98.78
2004-03-08,0.0,22.76,23.23,2.06,99.33
2004-03-09,0.0,22.2,36.47,1.86,99.33
2004-03-10,0.0,23.8,33.07,1.24,98.84
2004-03-11,0.0,24.79,30.37,1.14,98.69
2004-03-12,0.0,25.45,30.2,1.21,98.82
2004-03-13,0.0,26.13,28.17,1.72,98.81
2004-03-14,0.0,26.57,25.53,1.99,98.77
2004-03-15,0.0,27.57,21.92,2.59,98.6
2004-03-16,0.0,28.74,17.57,3.51,98.35
2004-03-17,0.0,28.6,13.8,3.04,98.4
2004-03-18,0.0,28.69,13.47,2.67,98.48
2004-03-19,0.0,29.37,18.73,3.66,98.33
2004-03-20,0.0,28.93,14.97,3.9,97.99
2004-03-21,0.0,29.81,13.78,2.02,98.07
2004-03-22,0.0,32.38,14.32,2.11,98.01
2004-03-23,0.0,31.05,13.79,2.03,98.08
2004-03-24,0.0,28.28,12.21,2.56,98.05
2004-03-25,0.0,26.16,8.56,1.81,98.21
2004-03-26,0.0,26.63,9.77,1.46,98.36
2004-03-27,0.0,26.89,12.71,2.01,98.59
2004-03-28,0.0,26.49,13.72,2.41,98.62
2004-03-29,0.0,28.06,12.59,2.87,98.43
2004-03-30,0.0,28.02,10.13,2.32,98.43
2004-03-31,0.0,29.07,9.81,2.08,98.43
2004-04-01,0.0,27.91,11.63,1.42,98.57
2004-04-02,0.0,30.11,14.35,1.5,98.54
2004-04-03,0.0,30.78,19.15,2.16,98.46
2004-04-04,0.0,30.51,13.94,2.4,98.56
2004-04-05,0.0,31.24,16.87,2.48,98.31
2004-04-06,0.0,31.28,17.83,1.72,98.15
2004-04-07,0.0,32.37,15.3,1.45,98.13
2004-04-08,0.0,33.14,15.45,1.27,98.04
2004-04-09,0.08,34.26,16.29,1.35,97.92
2004-04-10,2.05,33.39,18.15,1.92,98.09
2004-04-11,0.0,33.11,11.32,2.67,98.14
2004-04-12,0.0,32.58,9.82,3.39,97.99
2004-04-13,0.0,33.43,11.19,3.27,97.74
2004-04-14,0.0,32.96,12.88,3.84,97.62
2004-04-15,0.0,33.93,11.76,4.21,97.61
2004-04-16,0.0,34.38,12.11,3.46,97.61
2004-04-17,0.0,33.91,15.0,3.92,97.61
2004-04-18,0.0,33.14,17.65,3.79,97.7
2004-04-19,0.0,33.64,13.89,2.2,97.94
2004-04-20,0.0,32.75,18.67,2.25,98.34
2004-04-21,0.07,34.31,25.9,1.8,98.12
2004-04-22,5.28,33.89,20.09,1.97,97.82
2004-04-23,11.77,29.84,35.42,2.25,98.1
2004-04-24,8.82,28.09,41.72,1.36,98.29
2004-04-25,0.37,29.97,34.15,1.31,98.33
2004-04-26,0.0,30.91,32.04,1.3,98.38
2004-04-27,0.0,32.5,28.65,1.48,98.22
2004-04-28,0.84,32.67,30.24,2.1,97.88
2004-04-29,17.84,32.16,34.86,2.64,97.73
2004-04-30,29.29,28.31,62.11,3.5,97.81
2004-05-01,0.0,27.03,50.07,1.54,98.33
2004-05-02,0.0,27.19,34.33,1.93,98.48
2004-05-03,0.0,27.47,32.9,2.28,98.35
2004-05-04,0.0,29.59,32.71,1.69,98.21
2004-05-05,0.0,30.61,26.32,1.55,98.14
2004-05-06,0.0,32.16,23.43,1.1,98.08
2004-05-07,0.0,34.17,18.87,1.4,98.14
2004-05-08,0.0,33.37,33.64,1.87,98.0
2004-05-09,0.0,32.44,31.99,2.83,97.93
2004-05-10,0.0,33.33,29.07,2.53,97.78
2004-05-11,0.0,33.81,23.8,3.26,97.68
2004-05-12,0.13,34.89,35.53,5.33,97.51
2004-05-13,0.03,35.51,37.8,4.5,97.35
2004-05-14,0.0,36.49,33.03,3.84,97.36
2004-05-15,0.0,36.7,30.16,3.2,97.39
2004-05-16,0.0,37.02,32.27,2.96,97.49
2004-05-17,0.0,36.81,23.51,3.35,97.5
2004-05-18,0.0,36.43,19.41,4.22,97.27
2004-05-19,0.0,35.61,20.17,4.27,96.91
2004-05-20,0.0,36.38,25.3,4.12,97.01
2004-05-21,0.0,36.46,25.66,4.53,97.13
2004-05-22,0.0,37.27,21.5,2.91,97.11
2004-05-23,1.88,36.23,28.73,2.01,97.26
2004-05-24,1.74,32.9,35.33,3.01,97.77
2004-05-25,0.0,34.39,30.0,1.58,97.79
2004-05-26,3.09,34.16,32.47,1.91,97.91
2004-05-27,0.25,35.1,32.2,1.85,98.02
2004-05-28,4.15,34.32,31.16,2.23,98.17
2004-05-29,0.0,33.71,31.65,2.4,97.95
2004-05-30,0.0,35.76,23.19,1.73,97.83
2004-05-31,0.0,38.22,20.49,2.49,97.77
2004-06-01,0.0,37.87,20.47,2.15,97.8
2004-06-02,0.08,37.78,21.05,2.23,97.79
2004-06-03,0.0,37.55,17.46,2.38,97.59
2004-06-04,0.71,38.04,17.72,2.73,97.48
2004-06-05,1.3,38.24,18.26,1.02,97.66
2004-06-06,7.18,35.35,29.02,1.58,97.62
2004-06-07,3.63,35.11,35.43,2.11,97.7
2004-06-08,1.75,34.81,38.51,1.97,97.75
2004-06-09,2.2,34.2,38.55,2.01,97.93
2004-06-10,0.01,34.07,36.26,1.18,97.82
2004-06-11,0.01,35.58,29.49,1.45,97.76
2004-06-12,0.0,36.6,25.24,1.88,97.73
2004-06-13,2.58,36.79,32.75,2.97,97.65
2004-06-14,0.01,35.83,37.92,4.62,97.55
2004-06-15,0.11,33.76,45.18,3.4,97.49
2004-06-16,2.48,34.45,46.62,4.91,97.26
2004-06-17,5.23,33.14,52.78,4.31,97.05
2004-06-18,26.62,30.5,70.0,2.39,97.17
2004-06-19,26.64,30.9,71.62,1.76,97.15
2004-06-20,1.2,34.31,52.88,2.14,97.14
2004-06-21,0.48,35.7,46.06,3.28,97.3
2004-06-22,0.19,36.22,40.9,2.65,97.4
2004-06-23,0.0,35.0,42.48,4.04,97.31
2004-06-24,2.61,33.53,48.25,3.55,97.43
2004-06-25,0.02,34.01,47.22,1.82,97.66
2004-06-26,0.67,33.99,47.67,2.12,97.68
2004-06-27,0.0,34.5,44.02,2.4,97.67
2004-06-28,0.0,34.76,37.88,1.98,97.68
2004-06-29,0.0,35.57,31.45,2.74,97.51
2004-06-30,0.0,36.89,33.52,3.23,97.31
2004-07-01,0.0,37.03,31.95,3.3,97.32
2004-07-02,0.36,37.54,31.2,2.42,97.23
2004-07-03,2.26,36.86,39.48,2.5,97.32
2004-07-04,1.05,33.76,51.37,2.97,97.53
2004-07-05,3.55,33.38,51.4,2.14,97.58
2004-07-06,6.03,33.89,52.75,2.57,97.48
2004-07-07,9.69,34.98,52.47,2.32,97.29
2004-07-08,5.82,34.4,50.8,3.68,97.34
2004-07-09,0.29,35.0,44.55,3.45,97.29
2004-07-10,1.5,34.86,42.16,3.29,97.26
2004-07-11,3.26,34.97,43.59,2.62,97.28
2004-07-12,0.39,36.31,37.86,2.16,97.31
2004-07-13,6.5,34.25,47.82,1.74,97.4
2004-07-14,4.03,34.57,47.07,2.38,97.26
2004-07-15,1.35,34.81,50.28,2.38,97.33
2004-07-16,5.46,32.74,59.43,2.68,97.58
2004-07-17,4.41,32.49,59.15,2.01,97.58
2004-07-18,1.0,35.05,45.23,2.22,97.26
2004-07-19,0.68,34.98,41.69,4.35,97.24
2004-07-20,0.01,35.23,39.12,3.1,97.2
2004-07-21,0.25,35.38,35.44,2.75,97.31
2004-07-22,0.5,34.76,38.39,2.12,97.54
2004-07-23,0.09,35.0,38.57,1.46,97.69
2004-07-24,1.51,34.3,47.55,2.52,97.66
2004-07-25,4.56,32.66,56.32,2.44,97.63
2004-07-26,7.46,31.62,62.3,2.73,97.5
2004-07-27,2.63,33.29,54.94,3.46,97.43
2004-07-28,1.86,31.21,63.61,3.07,97.59
2004-07-29,1.14,31.35,62.16,2.88,97.74
2004-07-30,0.57,30.7,63.75,2.88,97.81
2004-07-31,0.59,29.64,68.79,2.66,97.71
2004-08-01,15.95,30.48,70.0,1.79,97.48
2004-08-02,32.12,30.06,76.96,1.85,97.37
2004-08-03,32.3,29.23,82.4,1.53,97.42
2004-08-04,1.39,30.64,72.41,1.44,97.43
2004-08-05,0.03,29.94,73.53,2.7,97.54
2004-08-06,0.43,29.03,73.07,2.87,97.6
2004-08-07,2.39,30.57,74.14,2.78,97.51
2004-08-08,4.23,31.35,70.56,2.3,97.53
2004-08-09,14.7,28.8,80.21,1.8,97.63
2004-08-10,20.7,29.12,79.12,1.54,97.67
2004-08-11,3.87,29.17,78.41,1.77,97.59
2004-08-12,5.85,29.46,77.35,1.71,97.7
2004-08-13,12.28,29.89,76.72,1.05,97.78
2004-08-14,0.6,29.73,74.37,1.39,97.72
2004-08-15,0.56,30.68,70.41,0.82,97.6
2004-08-16,2.19,28.99,82.1,1.86,97.6
2004-08-17,2.54,29.6,78.15,1.4,97.78
2004-08-18,7.78,29.35,79.68,1.0,97.82
2004-08-19,4.92,29.61,77.54,2.29,97.56
2004-08-20,11.17,27.83,81.38,1.23,97.56
2004-08-21,1.24,30.23,71.14,1.0,97.69
2004-08-22,9.53,28.65,78.61,1.63,97.9
2004-08-23,30.65,27.78,86.15,1.48,97.95
2004-08-24,15.46,27.13,90.11,1.86,97.88
2004-08-25,20.92,26.6,92.23,1.99,97.78
2004-08-26,4.57,28.38,81.18,1.76,97.61
2004-08-27,0.07,28.77,77.78,2.29,97.56
2004-08-28,0.0,28.79,76.39,2.31,97.65
2004-08-29,0.05,28.94,75.28,1.62,97.74
2004-08-30,0.3,28.95,72.4,1.76,97.75
2004-08-31,0.01,28.53,68.24,2.91,97.75
2004-09-01,0.0,28.23,67.24,2.25,97.83
2004-09-02,0.0,28.45,63.76,2.13,98.07
2004-09-03,0.0,29.03,56.47,2.06,98.13
2004-09-04,0.0,28.71,54.54,2.26,97.99
2004-09-05,0.0,28.8,55.77,2.03,97.97
2004-09-06,0.0,29.41,55.19,1.38,98.1
2004-09-07,0.0,30.26,55.39,1.28,98.0
2004-09-08,0.0,30.7,49.84,1.94,97.74
2004-09-09,0.0,29.63,52.6,2.9,97.66
2004-09-10,0.05,30.0,58.03,1.42,97.81
2004-09-11,0.11,30.08,58.6,1.67,97.84
2004-09-12,0.24,30.53,60.78,1.34,98.02
2004-09-13,0.15,31.31,59.07,1.38,98.32
2004-09-14,3.38,31.29,58.81,1.75,98.2
2004-09-15,3.46,28.8,73.35,1.69,98.03
2004-09-16,3.2,27.57,75.69,1.94,98.29
2004-09-17,0.6,28.6,67.35,1.52,98.42
2004-09-18,0.03,29.56,62.42,1.29,98.32
2004-09-19,0.0,29.75,59.4,1.51,98.26
2004-09-20,1.69,29.51,59.7,1.66,98.35
2004-09-21,5.94,27.59,74.84,2.7,98.46
2004-09-22,3.27,25.68,80.39,3.99,98.32
2004-09-23,0.17,28.26,60.3,2.67,98.35
2004-09-24,0.0,29.44,47.99,1.26,98.32
2004-09-25,0.0,29.4,38.01,1.09,98.46
2004-09-26,0.0,29.44,39.87,1.5,98.57
2004-09-27,0.0,30.0,36.47,1.58,98.43
2004-09-28,0.0,29.93,37.92,1.13,98.24
2004-09-29,0.14,29.77,46.16,1.54,98.37
2004-09-30,0.08,30.43,48.0,0.81,98.58
2004-10-01,0.0,31.53,47.75,0.79,98.58
2004-10-02,40.46,29.16,68.18,1.39,98.53
2004-10-03,7.85,27.15,79.92,1.85,98.54
2004-10-04,0.05,27.36,69.97,1.34,98.47
2004-10-05,0.0,28.06,62.41,0.83,98.28
2004-10-06,0.03,28.1,54.1,0.89,98.34
2004-10-07,0.0,28.61,47.71,0.94,98.24
2004-10-08,0.0,28.14,45.41,1.49,98.24
2004-10-09,0.16,27.75,52.48,0.97,98.49
2004-10-10,12.57,27.48,68.61,1.62,98.65
2004-10-11,6.14,25.86,75.42,3.3,98.64
2004-10-12,1.89,23.64,72.29,1.03,98.91
2004-10-13,0.05,23.51,55.98,1.36,99.05
2004-10-14,0.0,23.48,49.19,1.6,99.0
2004-10-15,0.29,23.97,43.72,1.05,98.98
2004-10-16,0.0,23.52,42.82,1.38,98.91
2004-10-17,0.0,23.73,43.79,1.07,99.0
2004-10-18,0.0,24.75,42.56,0.96,98.96
2004-10-19,0.0,25.01,43.87,0.94,98.88
2004-10-20,0.0,24.66,46.94,1.14,98.9
2004-10-21,0.0,25.12,44.61,1.0,99.01
2004-10-22,0.0,24.73,41.92,1.38,99.11
2004-10-23,0.0,24.54,34.6,1.2,99.02
2004-10-24,0.0,24.22,33.75,0.79,99.13
2004-10-25,0.0,22.53,39.48,1.21,99.26
2004-10-26,0.0,23.17,40.8,1.22,99.21
2004-10-27,0.0,22.51,43.41,0.96,99.11
2004-10-28,0.59,23.35,43.64,1.17,99.05
2004-10-29,3.37,22.25,52.86,1.51,99.15
2004-10-30,0.0,22.03,49.77,1.0,99.25
2004-10-31,0.0,20.99,43.3,1.59,99.18
2004-11-01,0.0,20.79,38.06,1.59,99.13
2004-11-02,0.0,20.23,36.95,1.56,99.14
2004-11-03,0.0,19.94,39.06,1.76,99.17
2004-11-04,0.0,20.85,34.38,1.75,99.09
2004-11-05,0.0,21.68,29.88,1.18,99.1
2004-11-06,0.0,21.94,32.42,0.77,99.11
2004-11-07,0.0,21.22,36.67,1.51,98.97
2004-11-08,0.0,20.82,32.32,1.29,98.94
2004-11-09,0.0,21.02,30.83,1.44,98.89
2004-11-10,0.0,21.08,28.6,1.11,98.93
2004-11-11,0.0,21.45,27.88,0.68,99.06
2004-11-12,0.0,21.22,28.63,0.69,99.22
2004-11-13,0.0,21.27,30.41,1.13,99.27
2004-11-14,0.0,20.0,36.0,1.95,99.09
2004-11-15,0.0,19.99,37.26,1.78,99.02
2004-11-16,0.0,20.75,37.28,1.72,99.0
2004-11-17,0.0,22.61,32.72,0.96,99.03
2004-11-18,0.0,22.79,33.71,1.27,98.99
2004-11-19,0.0,20.59,37.49,1.81,99.01
2004-11-20,0.0,20.4,38.61,1.34,99.06
2004-11-21,0.0,21.81,38.61,1.13,99.1
2004-11-22,0.0,20.31,44.71,1.25,99.01
2004-11-23,0.0,19.22,54.87,1.72,99.03
2004-11-24,0.0,19.2,61.44,1.56,99.03
2004-11-25,0.0,19.55,65.11,2.02,99.27
2004-11-26,0.01,19.79,65.54,1.35,99.36
2004-11-27,0.0,19.81,62.38,1.04,99.4
2004-11-28,0.0,18.56,50.72,1.68,99.53
2004-11-29,0.0,17.81,49.38,1.52,99.35
2004-11-30,0.0,19.45,50.99,0.85,99.13
2004-12-01,0.01,19.32,51.13,1.19,99.17
2004-12-02,0.57,19.67,47.18,0.8,99.5
2004-12-03,0.0,19.21,47.89,1.57,99.56
2004-12-04,0.0,18.54,41.47,2.57,99.33
2004-12-05,0.0,18.33,39.05,2.38,99.2
2004-12-06,0.0,16.87,36.63,1.97,99.27
2004-12-07,0.0,15.99,38.77,0.83,99.57
2004-12-08,0.0,15.83,42.77,1.29,99.53
2004-12-09,0.0,14.92,35.25,1.99,99.24
2004-12-10,0.0,16.42,30.85,1.43,99.29
2004-12-11,0.0,17.68,35.14,0.77,99.47
2004-12-12,0.0,18.91,37.61,0.71,99.58
2004-12-13,0.0,17.22,39.17,1.6,99.4
2004-12-14,0.0,16.15,37.0,2.17,99.08
2004-12-15,0.0,16.43,38.49,2.28,98.95
2004-12-16,0.0,16.81,38.78,2.32,99.02
2004-12-17,0.0,16.95,40.07,1.13,99.29
2004-12-18,0.0,17.76,45.09,0.83,99.16
2004-12-19,0.0,16.84,46.64,1.97,98.71
2004-12-20,0.1,15.44,64.99,1.85,98.69
2004-12-21,0.0,15.99,60.56,0.88,98.79
2004-12-22,0.0,15.83,60.57,1.32,98.83
2004-12-23,0.0,15.75,60.08,0.71,99.01
2004-12-24,0.0,16.26,49.34,0.95,99.31
2004-12-25,0.0,12.95,45.14,2.27,99.51
2004-12-26,0.0,11.84,37.26,3.2,99.17
2004-12-27,0.0,12.56,27.6,1.79,99.16
2004-12-28,0.0,14.15,25.28,0.9,99.33
2004-12-29,0.0,15.54,31.0,1.68,99.16
2004-12-30,0.0,15.37,41.84,1.59,99.01
2004-12-31,0.23,15.66,53.88,1.82,98.94
